{
   "grid": [
      "###########",
      "#         #",
      "##        #",
      "## P      #",
      "##    G S #",
      "# B       #",
      "#       # #",
      "#######   #",
      "#       O #",
      "#         #",
      "###########"
   ],
   "values": {
      "O": 0.6515272993767618,
      "G": 0.09030714754265633,
      "P": 0.06103231814514897,
      "B": 0.19713323493543292
   },
   "optimal_path_length": 6,
   "ma_spawns": [
      [
         6,
         5
      ],
      [
         7,
         1
      ],
      [
         7,
         4
      ],
      [
         8,
         3
      ]
   ]
}