{
   "grid": [
      "###########",
      "# P   #G  #",
      "#     # O #",
      "#         #",
      "#       # #",
      "#         #",
      "#     B S #",
      "#         #",
      "#         #",
      "#         #",
      "###########"
   ],
   "values": {
      "B": 0.13290391435561685,
      "O": 0.7089843029353005,
      "P": 0.04676610902856791,
      "G": 0.11134567368051466
   },
   "optimal_path_length": 6,
   "ma_spawns": [
      [
         6,
         5
      ],
      [
         8,
         7
      ],
      [
         8,
         9
      ],
      [
         8,
         8
      ]
   ]
}