{
   "grid": [
      "###########",
      "#  B      #",
      "#         #",
      "#         #",
      "###       #",
      "#   S P   #",
      "#         #",
      "#   #   G #",
      "##        #",
      "#   O     #",
      "###########"
   ],
   "values": {
      "O": 0.550839701933448,
      "P": 0.0869826008051037,
      "B": 0.22423585823762882,
      "G": 0.13794183902381962
   },
   "optimal_path_length": 6,
   "ma_spawns": [
      [
         5,
         5
      ],
      [
         8,
         8
      ],
      [
         7,
         6
      ],
      [
         5,
         4
      ]
   ]
}