{
   "grid": [
      "###########",
      "#      B  #",
      "#        P#",
      "#     #   #",
      "#     # O #",
      "# #   #   #",
      "# #   # # #",
      "#     #   #",
      "#     G S #",
      "#         #",
      "###########"
   ],
   "values": {
      "G": 0.12247228681934116,
      "P": 0.10644703808486748,
      "O": 0.5994286570340993,
      "B": 0.17165201806169222
   },
   "optimal_path_length": 6,
   "ma_spawns": [
      [
         1,
         5
      ],
      [
         8,
         8
      ],
      [
         8,
         9
      ],
      [
         3,
         1
      ]
   ]
}