{
   "grid": [
      "###########",
      "# B       #",
      "#       # #",
      "#     P # #",
      "#     O # #",
      "#    #    #",
      "#     #   #",
      "#         #",
      "#     S G #",
      "#         #",
      "###########"
   ],
   "values": {
      "O": 0.646475407220472,
      "G": 0.06580013743633684,
      "B": 0.2572324529837618,
      "P": 0.030492002359429456
   },
   "optimal_path_length": 6,
   "ma_spawns": [
      [
         6,
         8
      ],
      [
         5,
         9
      ],
      [
         6,
         9
      ],
      [
         7,
         8
      ]
   ]
}