{
   "grid": [
      "###########",
      "#         #",
      "## ##  B  #",
      "##        #",
      "##  O     #",
      "##        #",
      "##  #     #",
      "#         #",
      "#   S G  P#",
      "#         #",
      "###########"
   ],
   "values": {
      "G": 0.02728644941327865,
      "B": 0.19766697254767185,
      "P": 0.015729146140287698,
      "O": 0.7593174318987618
   },
   "optimal_path_length": 6,
   "ma_spawns": [
      [
         4,
         9
      ],
      [
         6,
         7
      ],
      [
         4,
         8
      ],
      [
         7,
         7
      ]
   ]
}