{
   "grid": [
      "###########",
      "#         #",
      "#         #",
      "# #       #",
      "# #       #",
      "#     S G #",
      "#  B      #",
      "###   #  P#",
      "#         #",
      "#     O   #",
      "###########"
   ],
   "values": {
      "G": 0.06818006061135776,
      "B": 0.10668238861185904,
      "O": 0.8125714645225973,
      "P": 0.012566086254185782
   },
   "optimal_path_length": 6,
   "ma_spawns": [
      [
         4,
         4
      ],
      [
         7,
         3
      ],
      [
         7,
         5
      ],
      [
         7,
         2
      ]
   ]
}