{
   "grid": [
      "###########",
      "#P        #",
      "#         #",
      "#         #",
      "#    ##   #",
      "###       #",
      "#    O # S#",
      "#         #",
      "#        B#",
      "#  G      #",
      "###########"
   ],
   "values": {
      "O": 0.7253436708020048,
      "B": 0.12222520458675908,
      "P": 0.0693044320185169,
      "G": 0.08312669259271921
   },
   "optimal_path_length": 6,
   "ma_spawns": [
      [
         8,
         8
      ],
      [
         9,
         6
      ],
      [
         9,
         7
      ],
      [
         8,
         9
      ]
   ]
}