{
   "grid": [
      "###########",
      "#         #",
      "#G     #  #",
      "#      S B#",
      "#         #",
      "# P    #  #",
      "######    #",
      "#      O  #",
      "#         #",
      "#         #",
      "###########"
   ],
   "values": {
      "B": 0.26678314093612754,
      "G": 0.07445170470456039,
      "O": 0.6052935421862643,
      "P": 0.05347161217304784
   },
   "optimal_path_length": 6,
   "ma_spawns": [
      [
         7,
         1
      ],
      [
         7,
         3
      ],
      [
         8,
         1
      ],
      [
         8,
         3
      ]
   ]
}