{
   "grid": [
      "###########",
      "#         #",
      "######    #",
      "#      #  #",
      "# P    #  #",
      "#  O   # G#",
      "#         #",
      "#  #      #",
      "#         #",
      "#  S B    #",
      "###########"
   ],
   "values": {
      "B": 0.21312202398218635,
      "P": 0.07887634959304297,
      "O": 0.6022037613128348,
      "G": 0.1057978651119357
   },
   "optimal_path_length": 6,
   "ma_spawns": [
      [
         8,
         1
      ],
      [
         8,
         2
      ],
      [
         5,
         8
      ],
      [
         8,
         8
      ]
   ]
}