{
   "grid": [
      "###########",
      "#         #",
      "#        O#",
      "#     B   #",
      "# ###### ##",
      "#         #",
      "# G    P S#",
      "#         #",
      "#         #",
      "#         #",
      "###########"
   ],
   "values": {
      "O": 0.8474357562243522,
      "P": 0.03862622743970929,
      "B": 0.06820989171578867,
      "G": 0.045728124620149656
   },
   "optimal_path_length": 6,
   "ma_spawns": [
      [
         8,
         9
      ],
      [
         9,
         8
      ],
      [
         5,
         5
      ],
      [
         8,
         6
      ]
   ]
}