{
   "grid": [
      "###########",
      "#        P#",
      "#  B      #",
      "#         #",
      "#         #",
      "# ####S G #",
      "#         #",
      "#######   #",
      "#         #",
      "#     O   #",
      "###########"
   ],
   "values": {
      "O": 0.6569534274068116,
      "G": 0.08317978033483747,
      "B": 0.23770275522384696,
      "P": 0.02216403703450377
   },
   "optimal_path_length": 6,
   "ma_spawns": [
      [
         1,
         6
      ],
      [
         7,
         5
      ],
      [
         6,
         3
      ],
      [
         6,
         4
      ]
   ]
}