{
   "grid": [
      "###########",
      "#         #",
      "#         #",
      "#     #   #",
      "#    G## O#",
      "#         #",
      "#  B     ##",
      "#         #",
      "#      P S#",
      "#         #",
      "###########"
   ],
   "values": {
      "O": 0.7819847059712911,
      "P": 0.007716527418178507,
      "G": 0.0369209187749182,
      "B": 0.17337784783561216
   },
   "optimal_path_length": 6,
   "ma_spawns": [
      [
         2,
         2
      ],
      [
         9,
         9
      ],
      [
         5,
         5
      ],
      [
         5,
         2
      ]
   ]
}