{
   "grid": [
      "###########",
      "#         #",
      "#        G#",
      "#         #",
      "# B#      #",
      "#    O    #",
      "#         #",
      "#    #    #",
      "#         #",
      "#    S P  #",
      "###########"
   ],
   "values": {
      "O": 0.5979360578406205,
      "P": 0.019723672934435797,
      "G": 0.04535339933395741,
      "B": 0.3369868698909862
   },
   "optimal_path_length": 6,
   "ma_spawns": [
      [
         2,
         3
      ],
      [
         6,
         9
      ],
      [
         1,
         3
      ],
      [
         9,
         8
      ]
   ]
}