{
   "grid": [
      "###########",
      "#         #",
      "#         #",
      "#         #",
      "#         #",
      "#   #  B S#",
      "#   #P    #",
      "#   #    ##",
      "#         #",
      "#    G   O#",
      "###########"
   ],
   "values": {
      "B": 0.16559885841554597,
      "P": 0.10492213705208875,
      "O": 0.6179358850580005,
      "G": 0.11154311947436485
   },
   "optimal_path_length": 6,
   "ma_spawns": [
      [
         8,
         3
      ],
      [
         2,
         7
      ],
      [
         8,
         1
      ],
      [
         9,
         3
      ]
   ]
}