{
   "grid": [
      "###########",
      "#         #",
      "#      O  #",
      "#     #   #",
      "#     ##  #",
      "#         #",
      "# PB   S G#",
      "#         #",
      "#         #",
      "#         #",
      "###########"
   ],
   "values": {
      "O": 0.5286824245763397,
      "G": 0.21087011556941876,
      "B": 0.22312504215488027,
      "P": 0.03732241769936114
   },
   "optimal_path_length": 6,
   "ma_spawns": [
      [
         7,
         8
      ],
      [
         4,
         5
      ],
      [
         5,
         9
      ],
      [
         6,
         8
      ]
   ]
}