{
   "grid": [
      "###########",
      "# P     # #",
      "#G      # #",
      "#   O   # #",
      "#       # #",
      "#   #   # #",
      "#  #    # #",
      "#  #S B # #",
      "#         #",
      "#         #",
      "###########"
   ],
   "values": {
      "B": 0.15287852452029005,
      "P": 0.10000909998395754,
      "O": 0.616565219947863,
      "G": 0.13054715554788957
   },
   "optimal_path_length": 6,
   "ma_spawns": [
      [
         3,
         8
      ],
      [
         5,
         8
      ],
      [
         4,
         7
      ],
      [
         7,
         6
      ]
   ]
}