{
   "grid": [
      "###########",
      "#   #     #",
      "#   #  S P#",
      "#   ###   #",
      "#   #  #  #",
      "#   #     #",
      "# G #  O  #",
      "#         #",
      "#   B     #",
      "#         #",
      "###########"
   ],
   "values": {
      "O": 0.7917233167179216,
      "P": 0.023230066430697634,
      "B": 0.11193251011955818,
      "G": 0.07311410673182268
   },
   "optimal_path_length": 6,
   "ma_spawns": [
      [
         7,
         1
      ],
      [
         9,
         3
      ],
      [
         6,
         2
      ],
      [
         6,
         1
      ]
   ]
}