{
   "grid": [
      "###########",
      "#         #",
      "##        #",
      "##        #",
      "##      # #",
      "##     S P#",
      "##BG      #",
      "#      #  #",
      "#         #",
      "#      O  #",
      "###########"
   ],
   "values": {
      "P": 0.01860744355427455,
      "B": 0.36331964883430495,
      "G": 0.0856311599882559,
      "O": 0.5324417476231645
   },
   "optimal_path_length": 6,
   "ma_spawns": [
      [
         7,
         4
      ],
      [
         7,
         2
      ],
      [
         7,
         3
      ],
      [
         9,
         6
      ]
   ]
}