{
   "grid": [
      "###########",
      "#         #",
      "#      O  #",
      "#         #",
      "#  #   #  #",
      "#         #",
      "#      S G#",
      "# P       #",
      "#     ##  #",
      "#  B      #",
      "###########"
   ],
   "values": {
      "G": 0.10248538277476661,
      "P": 0.013165977661373942,
      "B": 0.1626706058735144,
      "O": 0.7216780336903452
   },
   "optimal_path_length": 6,
   "ma_spawns": [
      [
         2,
         4
      ],
      [
         3,
         5
      ],
      [
         9,
         5
      ],
      [
         8,
         8
      ]
   ]
}