{
   "grid": [
      "###########",
      "#         #",
      "#         #",
      "#         #",
      "#     G   #",
      "#         #",
      "######  #P#",
      "#B        #",
      "#    O # S#",
      "#         #",
      "###########"
   ],
   "values": {
      "P": 0.0545762459000808,
      "G": 0.11173490525450273,
      "B": 0.23821405161653555,
      "O": 0.595474797228881
   },
   "optimal_path_length": 6,
   "ma_spawns": [
      [
         9,
         7
      ],
      [
         9,
         8
      ],
      [
         8,
         5
      ]
   ]
}