{
   "grid": [
      "###########",
      "#     #   #",
      "#     #   #",
      "#O  #     #",
      "#   #     #",
      "##        #",
      "#      P  #",
      "#S G B    #",
      "#         #",
      "#         #",
      "###########"
   ],
   "values": {
      "G": 0.10698548106283078,
      "P": 0.08468257268107125,
      "B": 0.15040678720381834,
      "O": 0.6579251590522797
   },
   "optimal_path_length": 6,
   "ma_spawns": [
      [
         2,
         8
      ],
      [
         4,
         6
      ],
      [
         2,
         9
      ],
      [
         5,
         5
      ]
   ]
}