{
   "grid": [
      "###########",
      "#         #",
      "#         #",
      "#     #   #",
      "#      G  #",
      "#       # #",
      "#       # #",
      "# S # O # #",
      "#      B  #",
      "# P       #",
      "###########"
   ],
   "values": {
      "P": 0.054722736081290184,
      "B": 0.1674299518718076,
      "G": 0.0657179311676639,
      "O": 0.7121293808792384
   },
   "optimal_path_length": 6,
   "ma_spawns": [
      [
         2,
         8
      ],
      [
         1,
         7
      ],
      [
         6,
         2
      ],
      [
         9,
         7
      ]
   ]
}