{
   "grid": [
      "###########",
      "###      P#",
      "#    #    #",
      "#    #    #",
      "#         #",
      "#S G      #",
      "#         #",
      "##        #",
      "#     B   #",
      "#O        #",
      "###########"
   ],
   "values": {
      "G": 0.13285860503874544,
      "O": 0.630458507264116,
      "B": 0.16010463627311589,
      "P": 0.07657825142402262
   },
   "optimal_path_length": 6,
   "ma_spawns": [
      [
         6,
         9
      ],
      [
         5,
         6
      ],
      [
         1,
         4
      ],
      [
         8,
         9
      ]
   ]
}