{
   "grid": [
      "###########",
      "#        O#",
      "#         #",
      "#        ##",
      "#  #      #",
      "#  #   G S#",
      "#  # B    #",
      "# P       #",
      "# ####    #",
      "#         #",
      "###########"
   ],
   "values": {
      "G": 0.060619078757718464,
      "P": 0.03653566452677521,
      "B": 0.12348079060935645,
      "O": 0.7793644661061498
   },
   "optimal_path_length": 6,
   "ma_spawns": [
      [
         9,
         5
      ],
      [
         8,
         9
      ],
      [
         8,
         6
      ],
      [
         8,
         7
      ]
   ]
}