{
   "grid": [
      "###########",
      "#     B   #",
      "# ###     #",
      "#         #",
      "# #    G S#",
      "# #       #",
      "# #      ##",
      "# #       #",
      "#        O#",
      "#     P   #",
      "###########"
   ],
   "values": {
      "G": 0.140343301181627,
      "O": 0.6676381405656037,
      "P": 0.03355219851222734,
      "B": 0.1584663597405419
   },
   "optimal_path_length": 6,
   "ma_spawns": [
      [
         3,
         9
      ],
      [
         3,
         5
      ],
      [
         5,
         9
      ],
      [
         7,
         5
      ]
   ]
}