{
   "grid": [
      "###########",
      "#      G  #",
      "#     #   #",
      "# S # O   #",
      "#         #",
      "# B       #",
      "########  #",
      "#        P#",
      "#         #",
      "#         #",
      "###########"
   ],
   "values": {
      "O": 0.6549089990160135,
      "B": 0.1726375643350981,
      "G": 0.0908120323335209,
      "P": 0.08164140431536752
   },
   "optimal_path_length": 6,
   "ma_spawns": [
      [
         1,
         3
      ],
      [
         3,
         5
      ],
      [
         2,
         4
      ],
      [
         1,
         4
      ]
   ]
}