{
   "grid": [
      "###########",
      "#         #",
      "#    G    #",
      "#       B #",
      "#     #   #",
      "#  O  #   #",
      "#     #   #",
      "#  #      #",
      "#         #",
      "#  S P    #",
      "###########"
   ],
   "values": {
      "P": 0.14814913651291897,
      "O": 0.4460022892652606,
      "G": 0.1899801884640151,
      "B": 0.2158683857578054
   },
   "optimal_path_length": 6,
   "ma_spawns": [
      [
         9,
         8
      ],
      [
         3,
         9
      ],
      [
         4,
         9
      ],
      [
         8,
         8
      ]
   ]
}