{
   "grid": [
      "###########",
      "#   B     #",
      "#         #",
      "#S G      #",
      "#         #",
      "##   #    #",
      "#    #    #",
      "#O        #",
      "#         #",
      "#     P   #",
      "###########"
   ],
   "values": {
      "O": 0.6357583949855776,
      "G": 0.11119693608029241,
      "P": 0.06172777446208977,
      "B": 0.19131689447204012
   },
   "optimal_path_length": 6,
   "ma_spawns": [
      [
         2,
         2
      ],
      [
         3,
         4
      ],
      [
         4,
         4
      ],
      [
         2,
         3
      ]
   ]
}