{
   "grid": [
      "###########",
      "#         #",
      "#  G      #",
      "#         #",
      "#     S P #",
      "#         #",
      "#     # # #",
      "#       # #",
      "#     O   #",
      "#    B    #",
      "###########"
   ],
   "values": {
      "P": 0.03194052281092604,
      "O": 0.6014923218605277,
      "G": 0.09065530912534897,
      "B": 0.2759118462031971
   },
   "optimal_path_length": 6,
   "ma_spawns": [
      [
         9,
         5
      ],
      [
         6,
         4
      ],
      [
         7,
         1
      ],
      [
         7,
         2
      ]
   ]
}