{
   "grid": [
      "###########",
      "#O    G   #",
      "#         #",
      "##  #     #",
      "#   #   B #",
      "#S P#     #",
      "#   #     #",
      "#   #     #",
      "#         #",
      "#         #",
      "###########"
   ],
   "values": {
      "P": 0.0219922025380481,
      "B": 0.14652532953648292,
      "G": 0.08832556736269485,
      "O": 0.7431569005627743
   },
   "optimal_path_length": 6,
   "ma_spawns": [
      [
         1,
         5
      ],
      [
         5,
         7
      ],
      [
         1,
         9
      ],
      [
         2,
         6
      ]
   ]
}