{
   "grid": [
      "###########",
      "#         #",
      "#G   #    #",
      "#    #    #",
      "#    #    #",
      "#  O      #",
      "#         #",
      "#  #      #",
      "#       B #",
      "#  S P    #",
      "###########"
   ],
   "values": {
      "P": 0.03461323144795961,
      "G": 0.1681491087767097,
      "O": 0.5977887470639397,
      "B": 0.1994489127113911
   },
   "optimal_path_length": 6,
   "ma_spawns": [
      [
         6,
         8
      ],
      [
         8,
         6
      ],
      [
         3,
         9
      ],
      [
         9,
         6
      ]
   ]
}