{
   "grid": [
      "###########",
      "#         #",
      "#      B S#",
      "#   G     #",
      "#        ##",
      "#   #     #",
      "#        O#",
      "#         #",
      "#   #  P  #",
      "#         #",
      "###########"
   ],
   "values": {
      "B": 0.24542278499511824,
      "O": 0.6258531284809827,
      "G": 0.06748611117141319,
      "P": 0.061237975352485916
   },
   "optimal_path_length": 6,
   "ma_spawns": [
      [
         6,
         8
      ],
      [
         8,
         1
      ],
      [
         9,
         1
      ],
      [
         6,
         3
      ]
   ]
}