{
   "grid": [
      "###########",
      "#       G #",
      "#         #",
      "#  #      #",
      "#  #     B#",
      "#  #      #",
      "########  #",
      "#   O # S #",
      "#         #",
      "#       P #",
      "###########"
   ],
   "values": {
      "P": 0.04854640786010701,
      "O": 0.6497257701920317,
      "B": 0.22379584914208314,
      "G": 0.07793197280577813
   },
   "optimal_path_length": 6,
   "ma_spawns": [
      [
         9,
         8
      ],
      [
         9,
         7
      ],
      [
         8,
         7
      ],
      [
         7,
         9
      ]
   ]
}