{
   "grid": [
      "###########",
      "#        B#",
      "#    P    #",
      "#    ###  #",
      "#         #",
      "#     G S #",
      "#         #",
      "#       # #",
      "#         #",
      "#       O #",
      "###########"
   ],
   "values": {
      "G": 0.11369875393750234,
      "O": 0.6633904407407274,
      "P": 0.0865453867767786,
      "B": 0.13636541854499173
   },
   "optimal_path_length": 6,
   "ma_spawns": [
      [
         1,
         6
      ],
      [
         3,
         6
      ],
      [
         7,
         5
      ],
      [
         4,
         6
      ]
   ]
}