{
   "grid": [
      "###########",
      "#         #",
      "# S G   # #",
      "#   #     #",
      "# # #     #",
      "#        P#",
      "# O       #",
      "#         #",
      "#         #",
      "#        B#",
      "###########"
   ],
   "values": {
      "O": 0.6383633710681664,
      "G": 0.1553639294988781,
      "P": 0.03346060705640598,
      "B": 0.17281209237654951
   },
   "optimal_path_length": 6,
   "ma_spawns": [
      [
         7,
         3
      ],
      [
         3,
         1
      ],
      [
         7,
         8
      ],
      [
         6,
         3
      ]
   ]
}