{
   "grid": [
      "###########",
      "#        P#",
      "#         #",
      "#         #",
      "#O # S #  #",
      "#      #  #",
      "#    G  B #",
      "###       #",
      "#         #",
      "#         #",
      "###########"
   ],
   "values": {
      "G": 0.1080294902346814,
      "P": 0.0653325156399287,
      "O": 0.6896669699420221,
      "B": 0.13697102418336773
   },
   "optimal_path_length": 6,
   "ma_spawns": [
      [
         5,
         4
      ],
      [
         6,
         4
      ],
      [
         4,
         9
      ],
      [
         5,
         5
      ]
   ]
}