{
   "grid": [
      "###########",
      "#  P      #",
      "#         #",
      "#         #",
      "#     # O #",
      "#     #   #",
      "#   # # # #",
      "#     #   #",
      "#    BG S #",
      "#         #",
      "###########"
   ],
   "values": {
      "G": 0.12356855254944663,
      "O": 0.6552696340844464,
      "B": 0.16151159632483425,
      "P": 0.05965021704127288
   },
   "optimal_path_length": 6,
   "ma_spawns": [
      [
         4,
         2
      ],
      [
         2,
         5
      ],
      [
         2,
         4
      ],
      [
         7,
         8
      ]
   ]
}