{
   "grid": [
      "###########",
      "#         #",
      "#         #",
      "##        #",
      "##        #",
      "# #     O #",
      "# #       #",
      "#G#B    # #",
      "#         #",
      "#     P S #",
      "###########"
   ],
   "values": {
      "O": 0.6596407109779414,
      "P": 0.022831521948051582,
      "B": 0.2261800124194437,
      "G": 0.09134775465456328
   },
   "optimal_path_length": 6,
   "ma_spawns": [
      [
         6,
         8
      ],
      [
         5,
         8
      ],
      [
         8,
         9
      ],
      [
         7,
         9
      ]
   ]
}