{
   "grid": [
      "###########",
      "#    #    #",
      "#    #    #",
      "#  O    # #",
      "#       #B#",
      "#  #    # #",
      "#       # #",
      "#  S G P  #",
      "#         #",
      "#         #",
      "###########"
   ],
   "values": {
      "O": 0.6618123317993512,
      "G": 0.07434146830947314,
      "P": 0.054153039746786695,
      "B": 0.20969316014438882
   },
   "optimal_path_length": 6,
   "ma_spawns": [
      [
         4,
         8
      ],
      [
         7,
         5
      ],
      [
         3,
         9
      ],
      [
         6,
         6
      ]
   ]
}