{
   "grid": [
      "###########",
      "#      #  #",
      "#      #  #",
      "#O     #  #",
      "#   #  #  #",
      "##        #",
      "#         #",
      "#S GP  B  #",
      "#         #",
      "#         #",
      "###########"
   ],
   "values": {
      "G": 0.10139794405291315,
      "P": 0.020062057706440088,
      "O": 0.6652306990102897,
      "B": 0.21330929923035694
   },
   "optimal_path_length": 6,
   "ma_spawns": [
      [
         2,
         9
      ],
      [
         2,
         8
      ],
      [
         1,
         8
      ],
      [
         2,
         7
      ]
   ]
}