{
   "grid": [
      "###########",
      "#         #",
      "#         #",
      "#         #",
      "#P        #",
      "#         #",
      "# #   G   #",
      "# #       #",
      "# O # S  B#",
      "#         #",
      "###########"
   ],
   "values": {
      "G": 0.059494205936354724,
      "P": 0.02391400069994788,
      "B": 0.10571480992980775,
      "O": 0.8108769834338896
   },
   "optimal_path_length": 6,
   "ma_spawns": [
      [
         6,
         8
      ],
      [
         7,
         7
      ],
      [
         5,
         4
      ],
      [
         5,
         2
      ]
   ]
}