{
   "grid": [
      "###########",
      "#   ####  #",
      "#####     #",
      "#  G      #",
      "#      O  #",
      "#P        #",
      "#      #  #",
      "#         #",
      "#      S B#",
      "#         #",
      "###########"
   ],
   "values": {
      "O": 0.8141787739913601,
      "B": 0.11575377041482997,
      "G": 0.06350330880549902,
      "P": 0.006564146788310888
   },
   "optimal_path_length": 6,
   "ma_spawns": [
      [
         8,
         9
      ],
      [
         7,
         8
      ],
      [
         7,
         9
      ],
      [
         9,
         7
      ]
   ]
}