{
   "grid": [
      "###########",
      "#O # S    #",
      "#         #",
      "#    B    #",
      "##        #",
      "##        #",
      "###       #",
      "# #       #",
      "# P    G  #",
      "#         #",
      "###########"
   ],
   "values": {
      "B": 0.2512411191270249,
      "O": 0.590678955865754,
      "P": 0.027716175086598873,
      "G": 0.13036374992062216
   },
   "optimal_path_length": 6,
   "ma_spawns": [
      [
         5,
         1
      ],
      [
         7,
         1
      ],
      [
         4,
         4
      ],
      [
         7,
         2
      ]
   ]
}