{
   "grid": [
      "###########",
      "#         #",
      "#       # #",
      "#       O #",
      "#  #      #",
      "#  #    # #",
      "#         #",
      "# G   B S #",
      "#         #",
      "#   P     #",
      "###########"
   ],
   "values": {
      "B": 0.12755107365456878,
      "G": 0.06565997347667815,
      "P": 0.03199852618027752,
      "O": 0.7747904266884754
   },
   "optimal_path_length": 6,
   "ma_spawns": [
      [
         4,
         6
      ],
      [
         7,
         7
      ],
      [
         7,
         8
      ],
      [
         8,
         7
      ]
   ]
}