{
   "grid": [
      "###########",
      "#        O#",
      "#  #      #",
      "# P#     ##",
      "#  #      #",
      "#      G S#",
      "#         #",
      "#######   #",
      "#         #",
      "#  B      #",
      "###########"
   ],
   "values": {
      "O": 0.518421836207621,
      "G": 0.10603314065993927,
      "B": 0.3165716637310311,
      "P": 0.05897335940140885
   },
   "optimal_path_length": 6,
   "ma_spawns": [
      [
         9,
         9
      ],
      [
         6,
         4
      ],
      [
         8,
         9
      ],
      [
         9,
         7
      ]
   ]
}