{
   "grid": [
      "###########",
      "#O    G   #",
      "#  #      #",
      "## #  P   #",
      "#  #      #",
      "#S   B    #",
      "#         #",
      "#         #",
      "#         #",
      "#         #",
      "###########"
   ],
   "values": {
      "B": 0.21790222084362942,
      "O": 0.6852458579393874,
      "G": 0.0542846047298634,
      "P": 0.04256731648711968
   },
   "optimal_path_length": 6,
   "ma_spawns": [
      [
         5,
         3
      ],
      [
         9,
         1
      ],
      [
         6,
         2
      ],
      [
         4,
         9
      ]
   ]
}