{
   "grid": [
      "###########",
      "#      #  #",
      "#      #  #",
      "#   B  #  #",
      "#         #",
      "# O       #",
      "#      #  #",
      "# #   P   #",
      "#         #",
      "# S  G    #",
      "###########"
   ],
   "values": {
      "G": 0.13525858623082754,
      "B": 0.23466232344961335,
      "O": 0.592615706069063,
      "P": 0.037463384250496216
   },
   "optimal_path_length": 6,
   "ma_spawns": [
      [
         1,
         3
      ],
      [
         8,
         4
      ],
      [
         8,
         8
      ],
      [
         3,
         1
      ]
   ]
}