{
   "grid": [
      "###########",
      "########G #",
      "#         #",
      "#     O   #",
      "#         #",
      "#B    #   #",
      "#         #",
      "#     S P #",
      "#         #",
      "#         #",
      "###########"
   ],
   "values": {
      "P": 0.027518679626191592,
      "B": 0.16072823006033243,
      "O": 0.6983234986521688,
      "G": 0.11342959166130731
   },
   "optimal_path_length": 6,
   "ma_spawns": [
      [
         9,
         4
      ],
      [
         1,
         3
      ],
      [
         1,
         6
      ],
      [
         7,
         4
      ]
   ]
}