{
   "grid": [
      "###########",
      "#         #",
      "#      G  #",
      "#        O#",
      "#       # #",
      "#   B   # #",
      "#         #",
      "#         #",
      "#    P   S#",
      "#         #",
      "###########"
   ],
   "values": {
      "P": 0.047066085999369595,
      "B": 0.21135632018918155,
      "O": 0.5913414522789292,
      "G": 0.15023614153251966
   },
   "optimal_path_length": 5,
   "ma_spawns": [
      [
         5,
         9
      ],
      [
         4,
         7
      ],
      [
         7,
         9
      ],
      [
         5,
         6
      ]
   ]
}