{
   "grid": [
      "###########",
      "#         #",
      "#     P   #",
      "#         #",
      "#  #      #",
      "#  #     O#",
      "#  #   #  #",
      "#  #      #",
      "#         #",
      "#G   B   S#",
      "###########"
   ],
   "values": {
      "O": 0.5801348904523007,
      "B": 0.2055509114073625,
      "P": 0.07359823427505241,
      "G": 0.14071596386528448
   },
   "optimal_path_length": 4,
   "ma_spawns": [
      [
         6,
         4
      ],
      [
         4,
         9
      ],
      [
         7,
         3
      ],
      [
         5,
         4
      ]
   ]
}