{
   "grid": [
      "###########",
      "#  O      #",
      "#        B#",
      "#         #",
      "#     #   #",
      "##    #   #",
      "#  S   P  #",
      "#       G #",
      "#         #",
      "#         #",
      "###########"
   ],
   "values": {
      "P": 0.0524244761609521,
      "B": 0.2548933414277082,
      "G": 0.13689041441393893,
      "O": 0.5557917679974006
   },
   "optimal_path_length": 5,
   "ma_spawns": [
      [
         1,
         1
      ],
      [
         6,
         8
      ],
      [
         7,
         2
      ],
      [
         2,
         4
      ]
   ]
}