{
   "grid": [
      "###########",
      "#        B#",
      "#  P  #   #",
      "#G    #   #",
      "#     #   #",
      "#     #   #",
      "#     #   #",
      "#S    O   #",
      "#         #",
      "#         #",
      "###########"
   ],
   "values": {
      "G": 0.1320839102371652,
      "B": 0.21521148532894566,
      "O": 0.5780755224164191,
      "P": 0.07462908201747
   },
   "optimal_path_length": 5,
   "ma_spawns": [
      [
         2,
         2
      ],
      [
         7,
         4
      ],
      [
         8,
         8
      ],
      [
         8,
         6
      ]
   ]
}