{
   "grid": [
      "###########",
      "#         #",
      "#P        #",
      "#         #",
      "#      G  #",
      "# O #     #",
      "#   # #   #",
      "# # #     #",
      "#         #",
      "# S  B    #",
      "###########"
   ],
   "values": {
      "B": 0.13676339755450906,
      "G": 0.11783790110440379,
      "O": 0.7224290137403798,
      "P": 0.02296968760070733
   },
   "optimal_path_length": 6,
   "ma_spawns": [
      [
         7,
         3
      ],
      [
         3,
         7
      ],
      [
         9,
         3
      ],
      [
         7,
         1
      ]
   ]
}