{
   "grid": [
      "###########",
      "#  S   G  #",
      "#         #",
      "#         #",
      "#        P#",
      "#         #",
      "#  O      #",
      "#   #    B#",
      "#         #",
      "#         #",
      "###########"
   ],
   "values": {
      "G": 0.11528660484670486,
      "O": 0.6783189671311222,
      "B": 0.12671942487262916,
      "P": 0.07967500314954373
   },
   "optimal_path_length": 5,
   "ma_spawns": [
      [
         9,
         9
      ],
      [
         9,
         2
      ],
      [
         4,
         5
      ],
      [
         1,
         3
      ]
   ]
}