{
   "grid": [
      "###########",
      "#         #",
      "#P        #",
      "#  #B   S #",
      "#  #      #",
      "#  #      #",
      "#  G      #",
      "#         #",
      "#       O #",
      "#         #",
      "###########"
   ],
   "values": {
      "O": 0.7330562995011864,
      "B": 0.12031636239625018,
      "G": 0.09842840463260924,
      "P": 0.04819893346995432
   },
   "optimal_path_length": 5,
   "ma_spawns": [
      [
         7,
         1
      ],
      [
         3,
         7
      ],
      [
         8,
         5
      ],
      [
         5,
         6
      ]
   ]
}