{
   "grid": [
      "###########",
      "#   O     #",
      "#      #  #",
      "#         #",
      "#         #",
      "#        B#",
      "#   S   P #",
      "#         #",
      "#         #",
      "#        G#",
      "###########"
   ],
   "values": {
      "P": 0.014597763523148163,
      "G": 0.05811363779732342,
      "B": 0.09746207830359788,
      "O": 0.8298265203759305
   },
   "optimal_path_length": 5,
   "ma_spawns": [
      [
         8,
         9
      ],
      [
         5,
         4
      ],
      [
         8,
         4
      ],
      [
         3,
         6
      ]
   ]
}