{
   "grid": [
      "###########",
      "###   G   #",
      "#  #      #",
      "#  P      #",
      "# O       #",
      "#         #",
      "#         #",
      "#         #",
      "#         #",
      "# S   B   #",
      "###########"
   ],
   "values": {
      "B": 0.22329130551956458,
      "O": 0.6091618196417498,
      "P": 0.0821926304569965,
      "G": 0.08535424438168905
   },
   "optimal_path_length": 5,
   "ma_spawns": [
      [
         8,
         1
      ],
      [
         7,
         9
      ],
      [
         9,
         9
      ],
      [
         6,
         6
      ]
   ]
}