{
   "grid": [
      "###########",
      "#      B P#",
      "#         #",
      "#     #   #",
      "#     #   #",
      "#     #  O#",
      "#     #   #",
      "#        ##",
      "#         #",
      "#      G S#",
      "###########"
   ],
   "values": {
      "G": 0.12168525315337002,
      "P": 0.06128810535878092,
      "O": 0.6495647555226932,
      "B": 0.16746188596515574
   },
   "optimal_path_length": 6,
   "ma_spawns": [
      [
         3,
         1
      ],
      [
         9,
         8
      ],
      [
         3,
         3
      ],
      [
         6,
         8
      ]
   ]
}