{
   "grid": [
      "###########",
      "#  G P   S#",
      "#         #",
      "#         #",
      "#         #",
      "#         #",
      "# ####   O#",
      "#         #",
      "#         #",
      "#      B  #",
      "###########"
   ],
   "values": {
      "P": 0.08806304479002003,
      "O": 0.6509997983295961,
      "B": 0.14078699958549196,
      "G": 0.12015015729489197
   },
   "optimal_path_length": 5,
   "ma_spawns": [
      [
         8,
         7
      ],
      [
         2,
         1
      ],
      [
         6,
         1
      ],
      [
         1,
         2
      ]
   ]
}