{
   "grid": [
      "###########",
      "#        O#",
      "##        #",
      "#  #      #",
      "#  #      #",
      "#  #      #",
      "#  # P   S#",
      "#  #      #",
      "#B        #",
      "#G        #",
      "###########"
   ],
   "values": {
      "P": 0.03145319447933807,
      "G": 0.18480750047735528,
      "B": 0.21071056796448293,
      "O": 0.5730287370788236
   },
   "optimal_path_length": 5,
   "ma_spawns": [
      [
         9,
         8
      ],
      [
         4,
         3
      ],
      [
         5,
         8
      ],
      [
         3,
         1
      ]
   ]
}