{
   "grid": [
      "###########",
      "#      #  #",
      "#         #",
      "#    S   P#",
      "#   #     #",
      "#   #     #",
      "#   #     #",
      "#   #     #",
      "#    O    #",
      "# G     B #",
      "###########"
   ],
   "values": {
      "P": 0.07705236761541558,
      "G": 0.11221124508795907,
      "O": 0.6244733703489331,
      "B": 0.186263016947692
   },
   "optimal_path_length": 5,
   "ma_spawns": [
      [
         6,
         8
      ],
      [
         3,
         4
      ],
      [
         2,
         2
      ],
      [
         8,
         3
      ]
   ]
}