{
   "grid": [
      "###########",
      "#         #",
      "#        O#",
      "#         #",
      "#   ####  #",
      "#P        #",
      "#         #",
      "#    G   S#",
      "#      #  #",
      "#   B     #",
      "###########"
   ],
   "values": {
      "G": 0.08188888877171355,
      "B": 0.17675758841215647,
      "P": 0.027300919814819066,
      "O": 0.714052603001311
   },
   "optimal_path_length": 5,
   "ma_spawns": [
      [
         9,
         5
      ],
      [
         2,
         2
      ],
      [
         7,
         7
      ],
      [
         4,
         3
      ]
   ]
}