{
   "grid": [
      "###########",
      "#         #",
      "#  ####   #",
      "#  B   S  #",
      "#    #    #",
      "#         #",
      "#      #  #",
      "#         #",
      "#      O  #",
      "#G     P  #",
      "###########"
   ],
   "values": {
      "B": 0.11422269575207565,
      "O": 0.7636721781547037,
      "P": 0.04213135410070825,
      "G": 0.07997377199251238
   },
   "optimal_path_length": 7,
   "ma_spawns": [
      [
         5,
         5
      ],
      [
         4,
         6
      ],
      [
         5,
         7
      ],
      [
         4,
         3
      ]
   ]
}