{
   "grid": [
      "###########",
      "#         #",
      "#  #####  #",
      "#        O#",
      "#         #",
      "#         #",
      "#         #",
      "#  B      #",
      "#P   G   S#",
      "#         #",
      "###########"
   ],
   "values": {
      "G": 0.10939760051168815,
      "P": 0.043340681271668055,
      "B": 0.1253070372611147,
      "O": 0.7219546809555292
   },
   "optimal_path_length": 5,
   "ma_spawns": [
      [
         5,
         9
      ],
      [
         9,
         8
      ],
      [
         3,
         1
      ],
      [
         5,
         5
      ]
   ]
}