{
   "grid": [
      "###########",
      "#         #",
      "# P       #",
      "# #O    S #",
      "# #####   #",
      "# #       #",
      "# #       #",
      "#       B #",
      "#         #",
      "#        G#",
      "###########"
   ],
   "values": {
      "O": 0.7556977137698767,
      "B": 0.12010977957767717,
      "P": 0.04476148444306192,
      "G": 0.07943102220938428
   },
   "optimal_path_length": 5,
   "ma_spawns": [
      [
         2,
         8
      ],
      [
         7,
         5
      ],
      [
         7,
         8
      ],
      [
         1,
         9
      ]
   ]
}