{
   "grid": [
      "###########",
      "#         #",
      "#   #   B #",
      "#   #  O  #",
      "#   #     #",
      "#         #",
      "#         #",
      "#         #",
      "#  G   S  #",
      "# P       #",
      "###########"
   ],
   "values": {
      "G": 0.09695299399558763,
      "B": 0.2860885325638442,
      "O": 0.5832952096628988,
      "P": 0.033663263777669344
   },
   "optimal_path_length": 5,
   "ma_spawns": [
      [
         8,
         4
      ],
      [
         5,
         9
      ],
      [
         6,
         4
      ],
      [
         2,
         2
      ]
   ]
}