{
   "grid": [
      "###########",
      "#         #",
      "##     G  #",
      "##        #",
      "##        #",
      "#S    O   #",
      "#       B #",
      "#   #     #",
      "#         #",
      "#P        #",
      "###########"
   ],
   "values": {
      "P": 0.07265735077380442,
      "O": 0.6402783300079573,
      "B": 0.1725539968942961,
      "G": 0.1145103223239422
   },
   "optimal_path_length": 5,
   "ma_spawns": [
      [
         3,
         2
      ],
      [
         8,
         5
      ],
      [
         4,
         3
      ],
      [
         7,
         1
      ]
   ]
}