{
   "grid": [
      "###########",
      "#      #  #",
      "#         #",
      "#     #   #",
      "# G S #   #",
      "#     #   #",
      "#   # # P #",
      "#         #",
      "#   O  B  #",
      "#         #",
      "###########"
   ],
   "values": {
      "G": 0.09534825342019546,
      "O": 0.6144278028480147,
      "P": 0.04441559284001628,
      "B": 0.24580835089177358
   },
   "optimal_path_length": 6,
   "ma_spawns": [
      [
         1,
         3
      ],
      [
         6,
         8
      ],
      [
         8,
         8
      ],
      [
         4,
         9
      ]
   ]
}