{
   "grid": [
      "###########",
      "#   O     #",
      "#         #",
      "#        G#",
      "#         #",
      "#         #",
      "# # S   P #",
      "#         #",
      "####     B#",
      "#         #",
      "###########"
   ],
   "values": {
      "P": 0.022430669463896363,
      "B": 0.20066084339660056,
      "O": 0.6848673682763242,
      "G": 0.09204111886317895
   },
   "optimal_path_length": 5,
   "ma_spawns": [
      [
         6,
         7
      ],
      [
         5,
         3
      ],
      [
         4,
         2
      ],
      [
         7,
         4
      ]
   ]
}