{
   "grid": [
      "###########",
      "#  O      #",
      "#         #",
      "#       B #",
      "#         #",
      "#        G#",
      "###S   P  #",
      "#         #",
      "#         #",
      "#         #",
      "###########"
   ],
   "values": {
      "P": 0.041433589435573896,
      "B": 0.17427591459634187,
      "O": 0.6549282946739583,
      "G": 0.1293622012941259
   },
   "optimal_path_length": 5,
   "ma_spawns": [
      [
         5,
         4
      ],
      [
         9,
         3
      ],
      [
         8,
         6
      ],
      [
         3,
         6
      ]
   ]
}