{
   "grid": [
      "###########",
      "#       BG#",
      "#O  ####  #",
      "#         #",
      "##        #",
      "#      #  #",
      "#S   P    #",
      "#         #",
      "#         #",
      "#         #",
      "###########"
   ],
   "values": {
      "P": 0.11785296617776929,
      "O": 0.617422967670387,
      "G": 0.12425832298968917,
      "B": 0.14046574316215452
   },
   "optimal_path_length": 6,
   "ma_spawns": [
      [
         2,
         3
      ],
      [
         4,
         4
      ],
      [
         6,
         1
      ],
      [
         2,
         6
      ]
   ]
}