{
   "grid": [
      "###########",
      "#         #",
      "###       #",
      "#         #",
      "#B  #     #",
      "#O        #",
      "#        G#",
      "##        #",
      "#         #",
      "#S P      #",
      "###########"
   ],
   "values": {
      "O": 0.7359351992941875,
      "P": 0.04480753869816035,
      "G": 0.080257651010354,
      "B": 0.13899961099729824
   },
   "optimal_path_length": 6,
   "ma_spawns": [
      [
         3,
         1
      ],
      [
         2,
         7
      ],
      [
         4,
         9
      ],
      [
         5,
         5
      ]
   ]
}