{
   "grid": [
      "###########",
      "#         #",
      "#G        #",
      "#   O    S#",
      "#   ####  #",
      "#         #",
      "#     #   #",
      "#  B  #  P#",
      "#         #",
      "#         #",
      "###########"
   ],
   "values": {
      "P": 0.028437430673353057,
      "B": 0.15718401999737572,
      "O": 0.7405965768319901,
      "G": 0.07378197249728116
   },
   "optimal_path_length": 5,
   "ma_spawns": [
      [
         9,
         6
      ],
      [
         8,
         6
      ],
      [
         4,
         7
      ],
      [
         5,
         9
      ]
   ]
}