{
   "grid": [
      "###########",
      "#      #  #",
      "# S   B#  #",
      "##     #G #",
      "##     #  #",
      "#      # P#",
      "#      #  #",
      "# O       #",
      "#         #",
      "#         #",
      "###########"
   ],
   "values": {
      "B": 0.2132115086218744,
      "G": 0.16648870223544976,
      "O": 0.5353419901603561,
      "P": 0.08495779898231966
   },
   "optimal_path_length": 5,
   "ma_spawns": [
      [
         3,
         4
      ],
      [
         4,
         1
      ],
      [
         4,
         5
      ],
      [
         9,
         8
      ]
   ]
}