{
   "grid": [
      "###########",
      "#  ##     #",
      "#   B   S #",
      "#   #     #",
      "#       # #",
      "#P        #",
      "#       O #",
      "#         #",
      "#       G #",
      "#         #",
      "###########"
   ],
   "values": {
      "B": 0.24083665678036187,
      "G": 0.1930906858759915,
      "P": 0.008064653312483775,
      "O": 0.5580080040311628
   },
   "optimal_path_length": 6,
   "ma_spawns": [
      [
         3,
         8
      ],
      [
         3,
         3
      ],
      [
         1,
         8
      ],
      [
         2,
         4
      ]
   ]
}