{
   "grid": [
      "###########",
      "#     ##  #",
      "#         #",
      "# #       #",
      "#    O    #",
      "#       G #",
      "#    #    #",
      "#         #",
      "#    S B  #",
      "#P        #",
      "###########"
   ],
   "values": {
      "O": 0.6022250768084506,
      "B": 0.19340664763217708,
      "P": 0.08730384089010469,
      "G": 0.1170644346692676
   },
   "optimal_path_length": 6,
   "ma_spawns": [
      [
         1,
         1
      ],
      [
         8,
         9
      ],
      [
         2,
         7
      ],
      [
         5,
         3
      ]
   ]
}