{
   "grid": [
      "###########",
      "# ##      #",
      "# ##      #",
      "# #  P   S#",
      "# #       #",
      "# #      ##",
      "#   B     #",
      "#        O#",
      "#         #",
      "#    G    #",
      "###########"
   ],
   "values": {
      "P": 0.09733174164929258,
      "B": 0.20727317852427202,
      "G": 0.1587296624813011,
      "O": 0.5366654173451344
   },
   "optimal_path_length": 6,
   "ma_spawns": [
      [
         8,
         5
      ],
      [
         6,
         8
      ],
      [
         5,
         5
      ],
      [
         3,
         3
      ]
   ]
}