{
   "grid": [
      "###########",
      "#     B   #",
      "#         #",
      "###    #  #",
      "# G       #",
      "#   P  S  #",
      "#         #",
      "#      #  #",
      "#         #",
      "#      O  #",
      "###########"
   ],
   "values": {
      "O": 0.6282680137420337,
      "P": 0.03728282345390901,
      "G": 0.09056586137272186,
      "B": 0.2438833014313355
   },
   "optimal_path_length": 6,
   "ma_spawns": [
      [
         8,
         9
      ],
      [
         9,
         5
      ],
      [
         5,
         1
      ],
      [
         2,
         2
      ]
   ]
}