{
   "grid": [
      "###########",
      "#       # #",
      "#O     B# #",
      "#     G # #",
      "#       # #",
      "#         #",
      "#S   P    #",
      "#         #",
      "#         #",
      "#         #",
      "###########"
   ],
   "values": {
      "P": 0.0465606771142849,
      "O": 0.7465004251911317,
      "G": 0.07634636585852224,
      "B": 0.13059253183606107
   },
   "optimal_path_length": 4,
   "ma_spawns": [
      [
         1,
         5
      ],
      [
         5,
         2
      ],
      [
         2,
         4
      ],
      [
         6,
         1
      ]
   ]
}