{
   "grid": [
      "###########",
      "#         #",
      "#         #",
      "# S   G  P#",
      "##        #",
      "##        #",
      "##        #",
      "#      B  #",
      "# O       #",
      "#         #",
      "###########"
   ],
   "values": {
      "G": 0.13457781985030315,
      "B": 0.15019497491968972,
      "P": 0.13314152791627604,
      "O": 0.5820856773137311
   },
   "optimal_path_length": 5,
   "ma_spawns": [
      [
         4,
         6
      ],
      [
         9,
         4
      ],
      [
         4,
         1
      ],
      [
         3,
         3
      ]
   ]
}