{
   "grid": [
      "###########",
      "#O   ###PG#",
      "#         #",
      "##        #",
      "#      #  #",
      "#S   B #  #",
      "#         #",
      "#         #",
      "#         #",
      "#         #",
      "###########"
   ],
   "values": {
      "B": 0.24851003739069036,
      "O": 0.5707291463304033,
      "P": 0.06324980658453083,
      "G": 0.1175110096943755
   },
   "optimal_path_length": 6,
   "ma_spawns": [
      [
         5,
         6
      ],
      [
         9,
         8
      ],
      [
         6,
         9
      ],
      [
         8,
         5
      ]
   ]
}