{
   "grid": [
      "###########",
      "#         #",
      "#         #",
      "#   S   B #",
      "##       G#",
      "#         #",
      "#         #",
      "#         #",
      "#   O     #",
      "#        P#",
      "###########"
   ],
   "values": {
      "B": 0.22657803788444592,
      "P": 0.00955795746080921,
      "G": 0.10384483730300073,
      "O": 0.660019167351744
   },
   "optimal_path_length": 5,
   "ma_spawns": [
      [
         5,
         8
      ],
      [
         7,
         2
      ],
      [
         6,
         1
      ],
      [
         4,
         6
      ]
   ]
}