{
   "grid": [
      "###########",
      "#      #  #",
      "#      #  #",
      "#      #  #",
      "#  BG  #  #",
      "#     P#  #",
      "# #    #  #",
      "# #    #  #",
      "#         #",
      "# O # S   #",
      "###########"
   ],
   "values": {
      "O": 0.7169343130110701,
      "P": 0.044901010599994545,
      "B": 0.12159282637558817,
      "G": 0.11657185001334708
   },
   "optimal_path_length": 6,
   "ma_spawns": [
      [
         4,
         8
      ],
      [
         6,
         7
      ],
      [
         2,
         4
      ],
      [
         9,
         7
      ]
   ]
}