{
   "grid": [
      "###########",
      "########  #",
      "#         #",
      "#      G S#",
      "#         #",
      "#        ##",
      "#         #",
      "#P       O#",
      "#   B     #",
      "#         #",
      "###########"
   ],
   "values": {
      "O": 0.5862731598203206,
      "G": 0.11813870058828797,
      "P": 0.10249301230802048,
      "B": 0.19309512728337094
   },
   "optimal_path_length": 6,
   "ma_spawns": [
      [
         2,
         2
      ],
      [
         3,
         7
      ],
      [
         9,
         2
      ],
      [
         6,
         6
      ]
   ]
}