{
   "grid": [
      "###########",
      "#    P    #",
      "# # O     #",
      "# #       #",
      "# #       #",
      "# #       #",
      "#      #  #",
      "#   S   B #",
      "#        G#",
      "#         #",
      "###########"
   ],
   "values": {
      "O": 0.7239321535942159,
      "B": 0.17663285844609827,
      "P": 0.02927564335326181,
      "G": 0.07015934460642399
   },
   "optimal_path_length": 5,
   "ma_spawns": [
      [
         2,
         8
      ],
      [
         7,
         3
      ],
      [
         4,
         6
      ],
      [
         1,
         7
      ]
   ]
}