{
   "grid": [
      "###########",
      "#         #",
      "#         #",
      "# S   O   #",
      "#     ##  #",
      "# P       #",
      "#         #",
      "#         #",
      "#   ##  B #",
      "#     G   #",
      "###########"
   ],
   "values": {
      "O": 0.5519597051356422,
      "P": 0.05824253656437345,
      "B": 0.21163125665754742,
      "G": 0.17816650164243703
   },
   "optimal_path_length": 4,
   "ma_spawns": [
      [
         8,
         2
      ],
      [
         6,
         1
      ],
      [
         4,
         5
      ],
      [
         6,
         6
      ]
   ]
}