{
   "grid": [
      "###########",
      "#         #",
      "#S G #  P #",
      "#    #    #",
      "##       B#",
      "#         #",
      "#O        #",
      "#         #",
      "#         #",
      "#         #",
      "###########"
   ],
   "values": {
      "G": 0.16394955198737468,
      "B": 0.2951977411088601,
      "O": 0.5053796134431445,
      "P": 0.03547309346062073
   },
   "optimal_path_length": 6,
   "ma_spawns": [
      [
         2,
         3
      ],
      [
         5,
         7
      ],
      [
         3,
         3
      ],
      [
         2,
         2
      ]
   ]
}