{
   "grid": [
      "###########",
      "#    ###  #",
      "#         #",
      "#  #   O  #",
      "#  #      #",
      "#GP#      #",
      "#         #",
      "#         #",
      "#  B   S  #",
      "#         #",
      "###########"
   ],
   "values": {
      "B": 0.12965617927322765,
      "O": 0.6699674991689987,
      "G": 0.12740382359763408,
      "P": 0.07297249796013958
   },
   "optimal_path_length": 5,
   "ma_spawns": [
      [
         3,
         2
      ],
      [
         6,
         9
      ],
      [
         2,
         6
      ],
      [
         7,
         7
      ]
   ]
}