{
   "grid": [
      "###########",
      "# P #B    #",
      "#         #",
      "#    #    #",
      "#    #  O #",
      "#         #",
      "#       # #",
      "#         #",
      "#     G S #",
      "#         #",
      "###########"
   ],
   "values": {
      "O": 0.6996509050575644,
      "G": 0.07488903152514255,
      "P": 0.007970781262143492,
      "B": 0.2174892821551496
   },
   "optimal_path_length": 6,
   "ma_spawns": [
      [
         9,
         8
      ],
      [
         9,
         7
      ],
      [
         1,
         4
      ],
      [
         1,
         8
      ]
   ]
}