{
   "grid": [
      "###########",
      "##        #",
      "#    S   P#",
      "#      #  #",
      "#      #  #",
      "#         #",
      "#         #",
      "#    O    #",
      "#         #",
      "#     GB  #",
      "###########"
   ],
   "values": {
      "P": 0.030743959117535215,
      "O": 0.720242672900454,
      "B": 0.18721981688556755,
      "G": 0.06179355109644333
   },
   "optimal_path_length": 5,
   "ma_spawns": [
      [
         6,
         4
      ],
      [
         8,
         4
      ],
      [
         7,
         7
      ],
      [
         4,
         5
      ]
   ]
}