{
   "grid": [
      "###########",
      "#         #",
      "#  S   G  #",
      "#     #   #",
      "#     # P #",
      "#     ##  #",
      "#         #",
      "#  O      #",
      "#         #",
      "#     B   #",
      "###########"
   ],
   "values": {
      "G": 0.06834101147473085,
      "B": 0.16705428526571775,
      "O": 0.7059396658432177,
      "P": 0.05866503741633384
   },
   "optimal_path_length": 5,
   "ma_spawns": [
      [
         2,
         1
      ],
      [
         4,
         5
      ],
      [
         2,
         2
      ],
      [
         1,
         9
      ]
   ]
}