{
   "grid": [
      "###########",
      "#         #",
      "#         #",
      "#         #",
      "#       # #",
      "# #B   S# #",
      "# #     # #",
      "# G    #  #",
      "#         #",
      "# P    O  #",
      "###########"
   ],
   "values": {
      "O": 0.6609141503489138,
      "B": 0.2232368938546133,
      "G": 0.08817352817023848,
      "P": 0.027675427626234414
   },
   "optimal_path_length": 6,
   "ma_spawns": [
      [
         6,
         4
      ],
      [
         5,
         7
      ],
      [
         1,
         1
      ],
      [
         9,
         3
      ]
   ]
}