{
   "grid": [
      "###########",
      "#         #",
      "#         #",
      "#     P   #",
      "# #     G #",
      "#      B  #",
      "#         #",
      "#         #",
      "#         #",
      "# O    S  #",
      "###########"
   ],
   "values": {
      "B": 0.17225746682461157,
      "P": 0.06148240698940656,
      "G": 0.08841993457991583,
      "O": 0.677840191606066
   },
   "optimal_path_length": 5,
   "ma_spawns": [
      [
         2,
         7
      ],
      [
         9,
         1
      ],
      [
         7,
         4
      ],
      [
         9,
         3
      ]
   ]
}