{
   "grid": [
      "###########",
      "#  B G    #",
      "#         #",
      "#       O #",
      "# ####    #",
      "#         #",
      "#         #",
      "#         #",
      "#   P   S #",
      "#         #",
      "###########"
   ],
   "values": {
      "P": 0.02368976741901641,
      "G": 0.07778059917687694,
      "O": 0.7336044660841692,
      "B": 0.16492516731993737
   },
   "optimal_path_length": 5,
   "ma_spawns": [
      [
         1,
         6
      ],
      [
         3,
         5
      ],
      [
         7,
         8
      ],
      [
         2,
         2
      ]
   ]
}