{
   "grid": [
      "###########",
      "#        G#",
      "#   S   B #",
      "#         #",
      "#    #    #",
      "#    #    #",
      "#    #    #",
      "#   O#    #",
      "#      #  #",
      "#      P  #",
      "###########"
   ],
   "values": {
      "B": 0.21421672842582093,
      "O": 0.6473957899588347,
      "P": 0.03400420252759514,
      "G": 0.10438327908774919
   },
   "optimal_path_length": 5,
   "ma_spawns": [
      [
         4,
         9
      ],
      [
         9,
         2
      ],
      [
         8,
         8
      ],
      [
         3,
         9
      ]
   ]
}