{
   "grid": [
      "###########",
      "#G        #",
      "#   #     #",
      "#         #",
      "# O # S   #",
      "#         #",
      "# #       #",
      "#         #",
      "#     B   #",
      "# P       #",
      "###########"
   ],
   "values": {
      "B": 0.2780726535157767,
      "O": 0.5052300943671254,
      "P": 0.07484530891124028,
      "G": 0.14185194320585748
   },
   "optimal_path_length": 6,
   "ma_spawns": [
      [
         5,
         5
      ],
      [
         9,
         1
      ],
      [
         5,
         4
      ],
      [
         3,
         1
      ]
   ]
}