{
   "grid": [
      "###########",
      "#    P    #",
      "#         #",
      "#         #",
      "# ####  B #",
      "#         #",
      "#      #  #",
      "#         #",
      "# GO    S #",
      "#         #",
      "###########"
   ],
   "values": {
      "B": 0.12308026016297931,
      "P": 0.08328485235409709,
      "O": 0.699962175024915,
      "G": 0.09367271245800873
   },
   "optimal_path_length": 5,
   "ma_spawns": [
      [
         1,
         5
      ],
      [
         8,
         9
      ],
      [
         1,
         9
      ],
      [
         1,
         4
      ]
   ]
}