{
   "grid": [
      "###########",
      "#         #",
      "#P        #",
      "# G       #",
      "#    B   S#",
      "# ####    #",
      "#         #",
      "#         #",
      "#         #",
      "#        O#",
      "###########"
   ],
   "values": {
      "B": 0.22166864797946698,
      "P": 0.07447352722335275,
      "G": 0.08101370568948146,
      "O": 0.6228441191076988
   },
   "optimal_path_length": 5,
   "ma_spawns": [
      [
         9,
         4
      ],
      [
         5,
         7
      ],
      [
         9,
         2
      ],
      [
         2,
         8
      ]
   ]
}