{
   "grid": [
      "###########",
      "#P        #",
      "#       O #",
      "#         #",
      "#  G#     #",
      "#   #     #",
      "#         #",
      "#   B   S #",
      "#         #",
      "#         #",
      "###########"
   ],
   "values": {
      "B": 0.1508102737611658,
      "G": 0.1376827006987245,
      "P": 0.030104146750072364,
      "O": 0.6814028787900374
   },
   "optimal_path_length": 5,
   "ma_spawns": [
      [
         4,
         2
      ],
      [
         9,
         9
      ],
      [
         5,
         4
      ],
      [
         9,
         8
      ]
   ]
}