{
   "grid": [
      "###########",
      "#         #",
      "#  #S   P #",
      "#  #      #",
      "## #      #",
      "#  #      #",
      "#  #      #",
      "#  #O     #",
      "#   B     #",
      "#G        #",
      "###########"
   ],
   "values": {
      "O": 0.6674966734639508,
      "P": 0.06714002757986708,
      "B": 0.1889012453526007,
      "G": 0.07646205360358146
   },
   "optimal_path_length": 5,
   "ma_spawns": [
      [
         3,
         1
      ],
      [
         9,
         8
      ],
      [
         4,
         2
      ],
      [
         5,
         8
      ]
   ]
}