{
   "grid": [
      "###########",
      "#       P #",
      "#  B   #  #",
      "#O     #  #",
      "#      #  #",
      "#      #  #",
      "#      #  #",
      "#         #",
      "#S   G    #",
      "#         #",
      "###########"
   ],
   "values": {
      "O": 0.7956322593173705,
      "G": 0.06693764430643573,
      "P": 0.04043797628805516,
      "B": 0.09699212008813878
   },
   "optimal_path_length": 5,
   "ma_spawns": [
      [
         2,
         2
      ],
      [
         3,
         3
      ],
      [
         4,
         5
      ],
      [
         3,
         4
      ]
   ]
}