{
   "grid": [
      "###########",
      "#       O #",
      "#         #",
      "# G       #",
      "########  #",
      "#         #",
      "# #PB   S #",
      "#         #",
      "#         #",
      "#         #",
      "###########"
   ],
   "values": {
      "B": 0.17552982605079961,
      "O": 0.7213329359493889,
      "P": 0.021516206423430852,
      "G": 0.08162103157638059
   },
   "optimal_path_length": 5,
   "ma_spawns": [
      [
         9,
         6
      ],
      [
         7,
         5
      ],
      [
         9,
         7
      ],
      [
         9,
         9
      ]
   ]
}