{
   "grid": [
      "###########",
      "#        G#",
      "#         #",
      "#        P#",
      "#  S   B  #",
      "#         #",
      "#         #",
      "#         #",
      "#   #     #",
      "#  O      #",
      "###########"
   ],
   "values": {
      "B": 0.3379910121111968,
      "G": 0.09465613798823183,
      "O": 0.48970128399278745,
      "P": 0.07765156590778399
   },
   "optimal_path_length": 5,
   "ma_spawns": [
      [
         2,
         3
      ],
      [
         6,
         7
      ],
      [
         1,
         4
      ],
      [
         8,
         8
      ]
   ]
}