{
   "grid": [
      "###########",
      "# P   S   #",
      "#B        #",
      "#         #",
      "#    #    #",
      "#         #",
      "#     O   #",
      "#         #",
      "#         #",
      "#    G    #",
      "###########"
   ],
   "values": {
      "P": 0.05265315705996476,
      "G": 0.07810156937271434,
      "B": 0.09939339863435388,
      "O": 0.769851874932967
   },
   "optimal_path_length": 5,
   "ma_spawns": [
      [
         8,
         1
      ],
      [
         4,
         3
      ],
      [
         1,
         6
      ],
      [
         6,
         1
      ]
   ]
}