{
   "grid": [
      "###########",
      "#       # #",
      "#G      # #",
      "#       # #",
      "#O     #  #",
      "#      #  #",
      "#      #  #",
      "#         #",
      "#         #",
      "#S   B P  #",
      "###########"
   ],
   "values": {
      "O": 0.6428451638213973,
      "B": 0.20286595728188783,
      "G": 0.10332756192359845,
      "P": 0.050961316973116434
   },
   "optimal_path_length": 5,
   "ma_spawns": [
      [
         2,
         8
      ],
      [
         4,
         6
      ],
      [
         1,
         9
      ],
      [
         3,
         7
      ]
   ]
}