{
   "grid": [
      "###########",
      "#         #",
      "#B        #",
      "#         #",
      "#         #",
      "#PO    S  #",
      "#         #",
      "#  ##     #",
      "#         #",
      "#      G  #",
      "###########"
   ],
   "values": {
      "G": 0.02949825339361786,
      "B": 0.3827316491228357,
      "P": 0.024840871749535663,
      "O": 0.5629292257340107
   },
   "optimal_path_length": 5,
   "ma_spawns": [
      [
         9,
         5
      ],
      [
         8,
         4
      ],
      [
         3,
         9
      ],
      [
         7,
         4
      ]
   ]
}