{
   "grid": [
      "###########",
      "#         #",
      "#O    S   #",
      "#         #",
      "######    #",
      "#         #",
      "#     B   #",
      "#P        #",
      "#         #",
      "#       G #",
      "###########"
   ],
   "values": {
      "B": 0.2642239047053757,
      "P": 0.001819169761394039,
      "O": 0.6834395930959727,
      "G": 0.050517332437257555
   },
   "optimal_path_length": 5,
   "ma_spawns": [
      [
         9,
         1
      ],
      [
         6,
         1
      ],
      [
         7,
         1
      ],
      [
         6,
         2
      ]
   ]
}