{
   "grid": [
      "###########",
      "#         #",
      "#    P   S#",
      "# ###     #",
      "#  #      #",
      "#  #      #",
      "#         #",
      "#        O#",
      "#G        #",
      "#      B  #",
      "###########"
   ],
   "values": {
      "P": 0.021520717025847493,
      "O": 0.51388767388398,
      "G": 0.11510843080520548,
      "B": 0.3494831782849669
   },
   "optimal_path_length": 5,
   "ma_spawns": [
      [
         9,
         2
      ],
      [
         4,
         6
      ],
      [
         7,
         4
      ],
      [
         8,
         3
      ]
   ]
}