{
   "grid": [
      "###########",
      "#         #",
      "#         #",
      "#         #",
      "#        G#",
      "#  S    O #",
      "#         #",
      "#        P#",
      "#    ###  #",
      "#  B      #",
      "###########"
   ],
   "values": {
      "B": 0.24121904507270708,
      "P": 0.03645429841338907,
      "G": 0.1755530073343608,
      "O": 0.546773649179543
   },
   "optimal_path_length": 5,
   "ma_spawns": [
      [
         2,
         4
      ],
      [
         3,
         4
      ],
      [
         8,
         7
      ],
      [
         2,
         2
      ]
   ]
}