{
   "grid": [
      "###########",
      "#      B# #",
      "#  G    # #",
      "#  O    # #",
      "#       # #",
      "#       # #",
      "#       # #",
      "#       # #",
      "#  S   P  #",
      "#         #",
      "###########"
   ],
   "values": {
      "O": 0.8084953155488728,
      "P": 0.025200158459166257,
      "B": 0.08686820044462044,
      "G": 0.07943632554734051
   },
   "optimal_path_length": 5,
   "ma_spawns": [
      [
         3,
         9
      ],
      [
         1,
         2
      ],
      [
         6,
         5
      ],
      [
         5,
         6
      ]
   ]
}