{
   "grid": [
      "###########",
      "#P        #",
      "#         #",
      "#      G  #",
      "# ##### B #",
      "#         #",
      "#    #    #",
      "#    #    #",
      "#  O    S #",
      "#         #",
      "###########"
   ],
   "values": {
      "B": 0.16352809654093958,
      "G": 0.13729783646545254,
      "P": 0.1107370550842243,
      "O": 0.5884370119093835
   },
   "optimal_path_length": 5,
   "ma_spawns": [
      [
         9,
         8
      ],
      [
         6,
         6
      ],
      [
         1,
         5
      ],
      [
         5,
         5
      ]
   ]
}