{
   "grid": [
      "###########",
      "# B       #",
      "#       P #",
      "#         #",
      "#G#####   #",
      "#   #     #",
      "#  O    S #",
      "#         #",
      "#         #",
      "#         #",
      "###########"
   ],
   "values": {
      "O": 0.5976421780930804,
      "P": 0.07383680178591798,
      "B": 0.23856889048186078,
      "G": 0.08995212963914087
   },
   "optimal_path_length": 5,
   "ma_spawns": [
      [
         9,
         8
      ],
      [
         8,
         8
      ],
      [
         8,
         9
      ],
      [
         8,
         6
      ]
   ]
}