{
   "grid": [
      "###########",
      "#         #",
      "#         #",
      "#         #",
      "#O    S   #",
      "#         #",
      "######    #",
      "#         #",
      "#     P   #",
      "# BG      #",
      "###########"
   ],
   "values": {
      "P": 0.07903831917724699,
      "B": 0.13346294780662396,
      "G": 0.09832245580408192,
      "O": 0.6891762772120472
   },
   "optimal_path_length": 5,
   "ma_spawns": [
      [
         9,
         4
      ],
      [
         9,
         1
      ],
      [
         6,
         4
      ],
      [
         6,
         3
      ]
   ]
}