{
   "grid": [
      "###########",
      "#   P  B  #",
      "##    G # #",
      "#         #",
      "#         #",
      "#         #",
      "#O    S   #",
      "#         #",
      "#         #",
      "#         #",
      "###########"
   ],
   "values": {
      "G": 0.08068031777506877,
      "P": 0.07970301733557511,
      "B": 0.12183787607455837,
      "O": 0.7177787888147978
   },
   "optimal_path_length": 5,
   "ma_spawns": [
      [
         5,
         5
      ],
      [
         9,
         6
      ],
      [
         7,
         7
      ],
      [
         8,
         7
      ]
   ]
}