{
   "grid": [
      "###########",
      "#         #",
      "#   #S   B#",
      "#         #",
      "#         #",
      "#         #",
      "#         #",
      "#    O    #",
      "#         #",
      "#G     P  #",
      "###########"
   ],
   "values": {
      "B": 0.11767713923651543,
      "O": 0.7062433492061334,
      "G": 0.0942608316787718,
      "P": 0.08181867987857933
   },
   "optimal_path_length": 5,
   "ma_spawns": [
      [
         6,
         3
      ],
      [
         4,
         1
      ],
      [
         9,
         6
      ],
      [
         2,
         1
      ]
   ]
}