{
   "grid": [
      "###########",
      "#         #",
      "#   #     #",
      "#      B  #",
      "#G    O   #",
      "#         #",
      "#####     #",
      "#         #",
      "#         #",
      "# P   S   #",
      "###########"
   ],
   "values": {
      "P": 0.042033840753545965,
      "B": 0.2322106493951675,
      "G": 0.06491938094581412,
      "O": 0.6608361289054724
   },
   "optimal_path_length": 5,
   "ma_spawns": [
      [
         3,
         5
      ],
      [
         4,
         7
      ],
      [
         3,
         4
      ],
      [
         6,
         9
      ]
   ]
}