{
   "grid": [
      "###########",
      "#         #",
      "#         #",
      "# B       #",
      "#   P   S #",
      "#  G      #",
      "# #       #",
      "#         #",
      "# ####    #",
      "#       O #",
      "###########"
   ],
   "values": {
      "P": 0.04151162551316782,
      "B": 0.15521623215860197,
      "G": 0.07862434351160996,
      "O": 0.7246477988166202
   },
   "optimal_path_length": 5,
   "ma_spawns": [
      [
         9,
         3
      ],
      [
         8,
         3
      ],
      [
         9,
         2
      ],
      [
         9,
         1
      ]
   ]
}