{
   "grid": [
      "###########",
      "#    G   S#",
      "#         #",
      "#  ###    #",
      "#         #",
      "#         #",
      "# ####   O#",
      "#       B #",
      "#         #",
      "#        P#",
      "###########"
   ],
   "values": {
      "G": 0.11358524658717238,
      "B": 0.16876922815362308,
      "O": 0.668561613999233,
      "P": 0.04908391125997158
   },
   "optimal_path_length": 5,
   "ma_spawns": [
      [
         4,
         4
      ],
      [
         5,
         4
      ],
      [
         1,
         5
      ],
      [
         2,
         5
      ]
   ]
}