{
   "grid": [
      "###########",
      "#  #      #",
      "#  #      #",
      "#  #BP   S#",
      "#  #      #",
      "# G     # #",
      "#       # #",
      "#         #",
      "#        O#",
      "#         #",
      "###########"
   ],
   "values": {
      "P": 0.009476567821782767,
      "G": 0.049046145020446394,
      "O": 0.8565184397380468,
      "B": 0.0849588474197241
   },
   "optimal_path_length": 5,
   "ma_spawns": [
      [
         7,
         5
      ],
      [
         8,
         4
      ],
      [
         6,
         6
      ],
      [
         9,
         1
      ]
   ]
}