{
   "grid": [
      "###########",
      "#   B P   #",
      "#O        #",
      "#   ####  #",
      "#         #",
      "#         #",
      "#         #",
      "#S   G    #",
      "#         #",
      "#         #",
      "###########"
   ],
   "values": {
      "G": 0.1203297168077045,
      "O": 0.6622378883225807,
      "B": 0.18941358659280827,
      "P": 0.0280188082769065
   },
   "optimal_path_length": 5,
   "ma_spawns": [
      [
         1,
         9
      ],
      [
         1,
         7
      ],
      [
         3,
         5
      ],
      [
         4,
         4
      ]
   ]
}