{
   "grid": [
      "###########",
      "#         #",
      "#         #",
      "#S    O   #",
      "#         #",
      "#      G  #",
      "# #   #   #",
      "#B        #",
      "#         #",
      "#     P   #",
      "###########"
   ],
   "values": {
      "B": 0.18999751432212475,
      "O": 0.5916164064852566,
      "G": 0.1649428382226852,
      "P": 0.05344324096993343
   },
   "optimal_path_length": 5,
   "ma_spawns": [
      [
         6,
         5
      ],
      [
         7,
         4
      ],
      [
         5,
         6
      ],
      [
         5,
         5
      ]
   ]
}