{
   "grid": [
      "###########",
      "##        #",
      "##        #",
      "##      G #",
      "## S   P  #",
      "#         #",
      "# #       #",
      "#         #",
      "#       B #",
      "#  O      #",
      "###########"
   ],
   "values": {
      "O": 0.7033623450473377,
      "P": 0.06646341446225133,
      "G": 0.10471071821087188,
      "B": 0.125463522279539
   },
   "optimal_path_length": 5,
   "ma_spawns": [
      [
         4,
         5
      ],
      [
         2,
         1
      ],
      [
         2,
         4
      ],
      [
         3,
         4
      ]
   ]
}