{
   "grid": [
      "###########",
      "#         #",
      "#         #",
      "#B P   S  #",
      "# #       #",
      "# #       #",
      "#         #",
      "#         #",
      "# G    O  #",
      "#         #",
      "###########"
   ],
   "values": {
      "P": 0.09763039670969549,
      "O": 0.613478382555111,
      "B": 0.17585376443227765,
      "G": 0.11303745630291569
   },
   "optimal_path_length": 5,
   "ma_spawns": [
      [
         4,
         9
      ],
      [
         4,
         7
      ],
      [
         7,
         2
      ],
      [
         5,
         5
      ]
   ]
}