{
   "grid": [
      "###########",
      "#        G#",
      "#        P#",
      "#   S   B #",
      "#         #",
      "#     ##  #",
      "#         #",
      "#         #",
      "#   O     #",
      "#         #",
      "###########"
   ],
   "values": {
      "O": 0.7014204691092903,
      "B": 0.21633809061767248,
      "P": 0.023726739202218756,
      "G": 0.05851470107081832
   },
   "optimal_path_length": 5,
   "ma_spawns": [
      [
         9,
         7
      ],
      [
         4,
         2
      ],
      [
         3,
         2
      ],
      [
         7,
         6
      ]
   ]
}