{
   "grid": [
      "###########",
      "#      O  #",
      "#         #",
      "#         #",
      "#B        #",
      "#         #",
      "#  P   S  #",
      "#     #   #",
      "#         #",
      "#G        #",
      "###########"
   ],
   "values": {
      "P": 0.08372499844346394,
      "O": 0.5842424966025357,
      "B": 0.2233555847370072,
      "G": 0.1086769202169932
   },
   "optimal_path_length": 5,
   "ma_spawns": [
      [
         8,
         6
      ],
      [
         5,
         4
      ],
      [
         2,
         1
      ],
      [
         8,
         8
      ]
   ]
}