{
   "grid": [
      "###########",
      "#    ##   #",
      "#         #",
      "#         #",
      "#         #",
      "#  O    S #",
      "#P        #",
      "####      #",
      "#         #",
      "#G      B #",
      "###########"
   ],
   "values": {
      "B": 0.14724868119788875,
      "G": 0.10301637986379093,
      "O": 0.7295457076579905,
      "P": 0.02018923128032988
   },
   "optimal_path_length": 5,
   "ma_spawns": [
      [
         9,
         3
      ],
      [
         1,
         2
      ],
      [
         8,
         1
      ],
      [
         5,
         8
      ]
   ]
}