{
   "grid": [
      "###########",
      "# G   S   #",
      "#       # #",
      "#   #     #",
      "#   #     #",
      "#   #     #",
      "#     O   #",
      "#  B      #",
      "#         #",
      "#  P      #",
      "###########"
   ],
   "values": {
      "O": 0.7086847143799004,
      "G": 0.07721766635176928,
      "B": 0.1563510490478585,
      "P": 0.0577465702204718
   },
   "optimal_path_length": 5,
   "ma_spawns": [
      [
         8,
         1
      ],
      [
         5,
         2
      ],
      [
         9,
         1
      ],
      [
         6,
         1
      ]
   ]
}