{
   "grid": [
      "###########",
      "#      G  #",
      "#      O  #",
      "#         #",
      "#    #    #",
      "#         #",
      "#         #",
      "#  B   S  #",
      "# P       #",
      "#         #",
      "###########"
   ],
   "values": {
      "O": 0.5912401804764116,
      "B": 0.14611965420101408,
      "P": 0.12179305290834536,
      "G": 0.14084711241422893
   },
   "optimal_path_length": 5,
   "ma_spawns": [
      [
         7,
         7
      ],
      [
         8,
         8
      ],
      [
         3,
         1
      ],
      [
         8,
         9
      ]
   ]
}