{
   "grid": [
      "###########",
      "# S   P   #",
      "#         #",
      "#   #     #",
      "#         #",
      "#      B  #",
      "# O  #    #",
      "#    #    #",
      "#         #",
      "#      G  #",
      "###########"
   ],
   "values": {
      "O": 0.5496575498859219,
      "P": 0.0825321111223025,
      "G": 0.13645322731108428,
      "B": 0.23135711168069134
   },
   "optimal_path_length": 5,
   "ma_spawns": [
      [
         2,
         1
      ],
      [
         1,
         1
      ],
      [
         3,
         2
      ]
   ]
}