{
   "grid": [
      "###########",
      "# S   P   #",
      "#         #",
      "#        B#",
      "#  #####  #",
      "#         #",
      "# O       #",
      "#         #",
      "#       G #",
      "#         #",
      "###########"
   ],
   "values": {
      "P": 0.027311638808966508,
      "B": 0.19145838303562418,
      "O": 0.6537761082814629,
      "G": 0.12745386987394644
   },
   "optimal_path_length": 5,
   "ma_spawns": [
      [
         1,
         1
      ],
      [
         4,
         3
      ],
      [
         2,
         1
      ],
      [
         3,
         2
      ]
   ]
}