{
   "grid": [
      "###########",
      "#         #",
      "#O        #",
      "#   #     #",
      "#         #",
      "#       P #",
      "#       G #",
      "#S   B    #",
      "#         #",
      "#         #",
      "###########"
   ],
   "values": {
      "B": 0.16727012775193303,
      "G": 0.13588791927946411,
      "O": 0.631368953247667,
      "P": 0.06547299972093593
   },
   "optimal_path_length": 5,
   "ma_spawns": [
      [
         1,
         7
      ],
      [
         1,
         8
      ],
      [
         5,
         3
      ],
      [
         3,
         5
      ]
   ]
}