{
   "grid": [
      "###########",
      "#        B#",
      "#         #",
      "#         #",
      "#  #     G#",
      "#  #      #",
      "#######   #",
      "#         #",
      "# P O    S#",
      "#         #",
      "###########"
   ],
   "values": {
      "G": 0.07539641992294646,
      "O": 0.5684037341989815,
      "B": 0.29680726852408673,
      "P": 0.059392577353985475
   },
   "optimal_path_length": 5,
   "ma_spawns": [
      [
         7,
         6
      ],
      [
         9,
         8
      ],
      [
         9,
         9
      ],
      [
         8,
         7
      ]
   ]
}