{
   "grid": [
      "###########",
      "#      O  #",
      "#         #",
      "#         #",
      "#B      # #",
      "#       # #",
      "#  G   S# #",
      "# P#    # #",
      "#         #",
      "#         #",
      "###########"
   ],
   "values": {
      "G": 0.13081502990290164,
      "P": 0.07794478166478501,
      "O": 0.6103097565090652,
      "B": 0.18093043192324818
   },
   "optimal_path_length": 5,
   "ma_spawns": [
      [
         7,
         6
      ],
      [
         5,
         4
      ],
      [
         4,
         3
      ],
      [
         9,
         9
      ]
   ]
}