{
   "grid": [
      "###########",
      "#O        #",
      "#        G#",
      "#      #  #",
      "#      #  #",
      "# ##   # B#",
      "#S   P #  #",
      "#         #",
      "#         #",
      "#         #",
      "###########"
   ],
   "values": {
      "P": 0.03231464627675408,
      "G": 0.05461762260637687,
      "B": 0.25737256975008055,
      "O": 0.6556951613667885
   },
   "optimal_path_length": 5,
   "ma_spawns": [
      [
         4,
         3
      ],
      [
         3,
         4
      ],
      [
         1,
         6
      ],
      [
         1,
         7
      ]
   ]
}