{
   "grid": [
      "###########",
      "#         #",
      "# S   G   #",
      "#         #",
      "#         #",
      "#         #",
      "#      P  #",
      "# O##     #",
      "#        B#",
      "#         #",
      "###########"
   ],
   "values": {
      "O": 0.5289087029405024,
      "G": 0.04663493537840632,
      "P": 0.017773916001508756,
      "B": 0.40668244567958267
   },
   "optimal_path_length": 5,
   "ma_spawns": [
      [
         1,
         1
      ],
      [
         1,
         2
      ],
      [
         3,
         3
      ],
      [
         2,
         2
      ]
   ]
}