{
   "grid": [
      "###########",
      "#         #",
      "#       # #",
      "# P   S # #",
      "#         #",
      "#G ###    #",
      "#         #",
      "#         #",
      "#     O   #",
      "#        B#",
      "###########"
   ],
   "values": {
      "P": 0.04451206796842814,
      "O": 0.8342985664110302,
      "G": 0.048298129554537564,
      "B": 0.0728912360660043
   },
   "optimal_path_length": 5,
   "ma_spawns": [
      [
         7,
         1
      ],
      [
         8,
         1
      ],
      [
         7,
         2
      ],
      [
         7,
         3
      ]
   ]
}