{
   "grid": [
      "###########",
      "#         #",
      "#      P  #",
      "#   O   # #",
      "#       # #",
      "#         #",
      "# #       #",
      "#         #",
      "#   S   G #",
      "#        B#",
      "###########"
   ],
   "values": {
      "G": 0.05618628426940192,
      "P": 0.029422771341739897,
      "B": 0.22765907045359657,
      "O": 0.6867318739352616
   },
   "optimal_path_length": 5,
   "ma_spawns": [
      [
         5,
         7
      ],
      [
         1,
         9
      ],
      [
         6,
         6
      ],
      [
         4,
         8
      ]
   ]
}