{
   "grid": [
      "###########",
      "# P       #",
      "#         #",
      "#         #",
      "# ####   O#",
      "#         #",
      "#         #",
      "#         #",
      "#         #",
      "# G  B   S#",
      "###########"
   ],
   "values": {
      "O": 0.6488575902864617,
      "B": 0.15809352145370495,
      "P": 0.056862408619629164,
      "G": 0.13618647964020433
   },
   "optimal_path_length": 5,
   "ma_spawns": [
      [
         4,
         5
      ],
      [
         8,
         8
      ],
      [
         6,
         6
      ],
      [
         5,
         5
      ]
   ]
}