{
   "grid": [
      "###########",
      "#       P #",
      "# #       #",
      "# #       #",
      "#      B  #",
      "#S    O   #",
      "#         #",
      "#         #",
      "#         #",
      "#G        #",
      "###########"
   ],
   "values": {
      "G": 0.07446413329507748,
      "O": 0.7123317321235997,
      "P": 0.06828522540966533,
      "B": 0.14491890917165745
   },
   "optimal_path_length": 5,
   "ma_spawns": [
      [
         1,
         3
      ],
      [
         5,
         9
      ],
      [
         2,
         6
      ],
      [
         1,
         2
      ]
   ]
}