{
   "grid": [
      "###########",
      "#  G   S  #",
      "#P        #",
      "#         #",
      "#         #",
      "#         #",
      "# B#   O  #",
      "#         #",
      "#         #",
      "#         #",
      "###########"
   ],
   "values": {
      "G": 0.06691891468170019,
      "P": 0.020153857768827492,
      "B": 0.28057673645356096,
      "O": 0.6323504910959113
   },
   "optimal_path_length": 5,
   "ma_spawns": [
      [
         6,
         2
      ],
      [
         4,
         9
      ],
      [
         5,
         3
      ],
      [
         8,
         1
      ]
   ]
}