{
   "grid": [
      "###########",
      "#O     G  #",
      "#         #",
      "#         #",
      "#         #",
      "#         #",
      "#S   B    #",
      "#   ##    #",
      "######P   #",
      "#         #",
      "###########"
   ],
   "values": {
      "B": 0.1374639807970507,
      "G": 0.09129144313944323,
      "O": 0.7154577728285195,
      "P": 0.05578680323498658
   },
   "optimal_path_length": 5,
   "ma_spawns": [
      [
         3,
         4
      ],
      [
         1,
         7
      ],
      [
         2,
         5
      ],
      [
         4,
         3
      ]
   ]
}