{
   "grid": [
      "###########",
      "#         #",
      "#         #",
      "##S    O  #",
      "##      P #",
      "#         #",
      "#     ##  #",
      "# G       #",
      "#  B      #",
      "#         #",
      "###########"
   ],
   "values": {
      "G": 0.11822738540652226,
      "O": 0.7020303812442925,
      "B": 0.14579452512445643,
      "P": 0.033947708224728874
   },
   "optimal_path_length": 5,
   "ma_spawns": [
      [
         5,
         6
      ],
      [
         2,
         3
      ],
      [
         1,
         1
      ],
      [
         1,
         2
      ]
   ]
}