{
   "grid": [
      "###########",
      "#G        #",
      "#B  #     #",
      "#   #     #",
      "#         #",
      "# O    S  #",
      "#         #",
      "#         #",
      "#         #",
      "#      P  #",
      "###########"
   ],
   "values": {
      "O": 0.6061276328758087,
      "P": 0.041555987528224106,
      "G": 0.09159184359620841,
      "B": 0.2607245359997588
   },
   "optimal_path_length": 5,
   "ma_spawns": [
      [
         6,
         6
      ],
      [
         9,
         5
      ],
      [
         9,
         4
      ],
      [
         9,
         2
      ]
   ]
}