{
   "grid": [
      "###########",
      "#       P #",
      "#         #",
      "#O        #",
      "#         #",
      "#    #    #",
      "#    #    #",
      "# #       #",
      "#S   B  G #",
      "#         #",
      "###########"
   ],
   "values": {
      "B": 0.32228337991771405,
      "O": 0.5439940786532348,
      "P": 0.04804632695257672,
      "G": 0.0856762144764744
   },
   "optimal_path_length": 5,
   "ma_spawns": [
      [
         3,
         6
      ],
      [
         1,
         8
      ],
      [
         4,
         5
      ],
      [
         4,
         1
      ]
   ]
}