{
   "grid": [
      "###########",
      "#  ####  P#",
      "#  G      #",
      "#  B    # #",
      "#         #",
      "#         #",
      "#         #",
      "#  S    O #",
      "#         #",
      "#         #",
      "###########"
   ],
   "values": {
      "B": 0.32886343050230576,
      "O": 0.574393836845604,
      "G": 0.07089510677688388,
      "P": 0.025847625875206257
   },
   "optimal_path_length": 5,
   "ma_spawns": [
      [
         9,
         4
      ],
      [
         1,
         7
      ],
      [
         2,
         8
      ],
      [
         2,
         9
      ]
   ]
}