{
   "grid": [
      "###########",
      "#         #",
      "#         #",
      "#   S   P #",
      "#         #",
      "#     #  G#",
      "#     #   #",
      "#        B#",
      "#   O     #",
      "#         #",
      "###########"
   ],
   "values": {
      "P": 0.050526432996066406,
      "B": 0.19613696679040046,
      "O": 0.6046284445148257,
      "G": 0.1487081556987074
   },
   "optimal_path_length": 5,
   "ma_spawns": [
      [
         3,
         2
      ],
      [
         4,
         2
      ],
      [
         3,
         1
      ],
      [
         2,
         3
      ]
   ]
}