{
   "grid": [
      "###########",
      "#         #",
      "# # B   S #",
      "#         #",
      "#         #",
      "# G       #",
      "#         #",
      "#       O #",
      "#  P      #",
      "#         #",
      "###########"
   ],
   "values": {
      "B": 0.22016849163445332,
      "P": 0.03363810592622063,
      "O": 0.5606248085488706,
      "G": 0.1855685938904555
   },
   "optimal_path_length": 5,
   "ma_spawns": [
      [
         8,
         2
      ],
      [
         9,
         1
      ],
      [
         9,
         2
      ],
      [
         6,
         4
      ]
   ]
}