{
   "grid": [
      "###########",
      "#  G#     #",
      "##        #",
      "##       B#",
      "##   S P  #",
      "#         #",
      "#    #    #",
      "#         #",
      "#    O    #",
      "#         #",
      "###########"
   ],
   "values": {
      "P": 0.11009779207947919,
      "G": 0.13820264823548706,
      "B": 0.17146247255309696,
      "O": 0.5802370871319369
   },
   "optimal_path_length": 6,
   "ma_spawns": [
      [
         7,
         5
      ],
      [
         5,
         3
      ],
      [
         8,
         5
      ],
      [
         6,
         1
      ]
   ]
}