{
   "grid": [
      "###########",
      "#         #",
      "#       # #",
      "#       # #",
      "#  S P  # #",
      "##      #B#",
      "#  #    # #",
      "#         #",
      "#  O      #",
      "#  G      #",
      "###########"
   ],
   "values": {
      "P": 0.05912937050181468,
      "O": 0.592493515662654,
      "B": 0.21329101976753634,
      "G": 0.13508609406799496
   },
   "optimal_path_length": 6,
   "ma_spawns": [
      [
         4,
         4
      ],
      [
         4,
         2
      ],
      [
         3,
         3
      ],
      [
         5,
         5
      ]
   ]
}