{
   "grid": [
      "###########",
      "#         #",
      "#P   ###  #",
      "#         #",
      "#         #",
      "# O       #",
      "#        B#",
      "# ##      #",
      "#         #",
      "# S G     #",
      "###########"
   ],
   "values": {
      "O": 0.5933399800662519,
      "G": 0.14666935597147399,
      "P": 0.07082624177303405,
      "B": 0.18916442218923998
   },
   "optimal_path_length": 6,
   "ma_spawns": [
      [
         7,
         7
      ],
      [
         7,
         6
      ],
      [
         5,
         8
      ],
      [
         8,
         5
      ]
   ]
}