{
   "grid": [
      "###########",
      "#         #",
      "#  B      #",
      "#     S P #",
      "#         #",
      "#     #  G#",
      "#      #  #",
      "#     O#  #",
      "#         #",
      "#         #",
      "###########"
   ],
   "values": {
      "P": 0.07229064653580197,
      "G": 0.08423716162029761,
      "O": 0.6734126291865837,
      "B": 0.17005956265731662
   },
   "optimal_path_length": 6,
   "ma_spawns": [
      [
         5,
         2
      ],
      [
         6,
         2
      ],
      [
         1,
         4
      ],
      [
         2,
         4
      ]
   ]
}