{
   "grid": [
      "###########",
      "#         #",
      "#G  S B   #",
      "#         #",
      "#   #     #",
      "#     #   #",
      "#   O    P#",
      "###       #",
      "#         #",
      "#         #",
      "###########"
   ],
   "values": {
      "O": 0.6194037771494596,
      "B": 0.19021656856384248,
      "G": 0.12043995763467047,
      "P": 0.06993969665202752
   },
   "optimal_path_length": 6,
   "ma_spawns": [
      [
         4,
         1
      ],
      [
         7,
         3
      ],
      [
         8,
         3
      ],
      [
         5,
         2
      ]
   ]
}