{
   "grid": [
      "###########",
      "#         #",
      "# #####B  #",
      "#     #   #",
      "#   O #   #",
      "#     #  P#",
      "#   #     #",
      "#         #",
      "#   S G   #",
      "#         #",
      "###########"
   ],
   "values": {
      "G": 0.11654082774959293,
      "B": 0.25494236724480446,
      "P": 0.022194228450231793,
      "O": 0.6063225765553707
   },
   "optimal_path_length": 6,
   "ma_spawns": [
      [
         7,
         7
      ],
      [
         5,
         9
      ],
      [
         8,
         6
      ],
      [
         5,
         8
      ]
   ]
}