{
   "grid": [
      "###########",
      "#         #",
      "#         #",
      "#  S # O  #",
      "#         #",
      "#  P      #",
      "#   #### G#",
      "#        B#",
      "#         #",
      "#         #",
      "###########"
   ],
   "values": {
      "P": 0.04935267209851545,
      "G": 0.10341208586938398,
      "O": 0.7227169820765105,
      "B": 0.12451825995559011
   },
   "optimal_path_length": 6,
   "ma_spawns": [
      [
         6,
         8
      ],
      [
         5,
         8
      ],
      [
         1,
         4
      ],
      [
         5,
         9
      ]
   ]
}