{
   "grid": [
      "###########",
      "#      P  #",
      "#O       B#",
      "#         #",
      "##   #    #",
      "#         #",
      "#S G      #",
      "#  ##     #",
      "#         #",
      "#         #",
      "###########"
   ],
   "values": {
      "G": 0.1264191672909463,
      "B": 0.18385669486125425,
      "P": 0.03203636039671618,
      "O": 0.6576877774510832
   },
   "optimal_path_length": 6,
   "ma_spawns": [
      [
         3,
         8
      ],
      [
         2,
         8
      ],
      [
         1,
         6
      ],
      [
         2,
         6
      ]
   ]
}