{
   "grid": [
      "###########",
      "#  #   #  #",
      "#  #      #",
      "#         #",
      "# O     G #",
      "#         #",
      "# #       #",
      "#      P  #",
      "# S B     #",
      "#         #",
      "###########"
   ],
   "values": {
      "B": 0.13484282556792124,
      "P": 0.09244207591929142,
      "G": 0.11840170516369074,
      "O": 0.6543133933490967
   },
   "optimal_path_length": 6,
   "ma_spawns": [
      [
         2,
         8
      ],
      [
         7,
         5
      ],
      [
         3,
         8
      ],
      [
         7,
         2
      ]
   ]
}