{
   "grid": [
      "###########",
      "#       G #",
      "#         #",
      "#        P#",
      "#      #  #",
      "#   S B   #",
      "#         #",
      "# # #     #",
      "#         #",
      "#   O     #",
      "###########"
   ],
   "values": {
      "O": 0.6933950375873934,
      "B": 0.16476140672197512,
      "P": 0.06731865377715218,
      "G": 0.07452490191347927
   },
   "optimal_path_length": 6,
   "ma_spawns": [
      [
         4,
         2
      ],
      [
         2,
         1
      ],
      [
         4,
         4
      ],
      [
         5,
         3
      ]
   ]
}