{
   "grid": [
      "###########",
      "#  G      #",
      "#      B  #",
      "#         #",
      "#         #",
      "#  S P #  #",
      "#      #  #",
      "#  #      #",
      "#         #",
      "#  O      #",
      "###########"
   ],
   "values": {
      "P": 0.03830289280844852,
      "G": 0.14452101194273376,
      "O": 0.6590917858102779,
      "B": 0.15808430943853977
   },
   "optimal_path_length": 6,
   "ma_spawns": [
      [
         3,
         4
      ],
      [
         4,
         4
      ],
      [
         4,
         5
      ],
      [
         4,
         3
      ]
   ]
}