{
   "grid": [
      "###########",
      "#         #",
      "#    ###  #",
      "#       P #",
      "# #       #",
      "# #       #",
      "#B    G   #",
      "#         #",
      "# O # S   #",
      "#         #",
      "###########"
   ],
   "values": {
      "O": 0.597793873998388,
      "G": 0.1413316025960858,
      "P": 0.09083868799417073,
      "B": 0.17003583541135545
   },
   "optimal_path_length": 6,
   "ma_spawns": [
      [
         6,
         8
      ],
      [
         5,
         6
      ],
      [
         9,
         8
      ],
      [
         6,
         7
      ]
   ]
}