{
   "grid": [
      "###########",
      "#   #   G #",
      "#   #     #",
      "# ######  #",
      "#   #     #",
      "#         #",
      "# O # S   #",
      "#         #",
      "#     B   #",
      "#    P    #",
      "###########"
   ],
   "values": {
      "B": 0.16774057758245112,
      "G": 0.08629692638838272,
      "O": 0.6892896004098996,
      "P": 0.056672895619266514
   },
   "optimal_path_length": 6,
   "ma_spawns": [
      [
         6,
         6
      ],
      [
         5,
         8
      ],
      [
         7,
         7
      ],
      [
         8,
         7
      ]
   ]
}