{
   "grid": [
      "###########",
      "#         #",
      "#         #",
      "#  O # S  #",
      "# ####    #",
      "#      P  #",
      "#         #",
      "#    G    #",
      "# ##      #",
      "#  B      #",
      "###########"
   ],
   "values": {
      "P": 0.042485879306039274,
      "O": 0.566649384053264,
      "B": 0.27770242152351704,
      "G": 0.11316231511717967
   },
   "optimal_path_length": 6,
   "ma_spawns": [
      [
         7,
         3
      ],
      [
         8,
         3
      ],
      [
         2,
         7
      ],
      [
         9,
         3
      ]
   ]
}