{
   "grid": [
      "###########",
      "#        O#",
      "#     #   #",
      "#     #  ##",
      "# B       #",
      "#      G S#",
      "#         #",
      "#         #",
      "#   ###   #",
      "#        P#",
      "###########"
   ],
   "values": {
      "G": 0.060521032822400504,
      "B": 0.15680588027138878,
      "O": 0.7587450851014399,
      "P": 0.023928001804770848
   },
   "optimal_path_length": 6,
   "ma_spawns": [
      [
         8,
         7
      ],
      [
         3,
         2
      ],
      [
         4,
         3
      ],
      [
         9,
         6
      ]
   ]
}