{
   "grid": [
      "###########",
      "#         #",
      "#         #",
      "####    # #",
      "#       # #",
      "# O    G  #",
      "#         #",
      "# #      B#",
      "#         #",
      "# S P     #",
      "###########"
   ],
   "values": {
      "P": 0.04552013913063502,
      "O": 0.7762311420913095,
      "B": 0.11377959803354849,
      "G": 0.06446912074450697
   },
   "optimal_path_length": 6,
   "ma_spawns": [
      [
         2,
         9
      ],
      [
         3,
         9
      ],
      [
         4,
         8
      ],
      [
         6,
         8
      ]
   ]
}