{
   "grid": [
      "###########",
      "#  #      #",
      "#  #  B   #",
      "#  #      #",
      "#  G      #",
      "##        #",
      "##        #",
      "#  O # S  #",
      "#         #",
      "#      P  #",
      "###########"
   ],
   "values": {
      "P": 0.05043017425662777,
      "G": 0.05454997064649632,
      "O": 0.8345961227715317,
      "B": 0.0604237323253442
   },
   "optimal_path_length": 6,
   "ma_spawns": [
      [
         7,
         8
      ],
      [
         6,
         9
      ],
      [
         5,
         3
      ],
      [
         9,
         4
      ]
   ]
}