{
   "grid": [
      "###########",
      "#   #     #",
      "#   #     #",
      "#   #     #",
      "# P #     #",
      "#  ##O    #",
      "#  #      #",
      "#  # #  B #",
      "#         #",
      "#    S G  #",
      "###########"
   ],
   "values": {
      "G": 0.1468293525773113,
      "P": 0.02242442766116524,
      "B": 0.16331305449252206,
      "O": 0.6674331652690014
   },
   "optimal_path_length": 6,
   "ma_spawns": [
      [
         5,
         9
      ],
      [
         2,
         7
      ],
      [
         7,
         8
      ],
      [
         6,
         9
      ]
   ]
}