{
   "grid": [
      "###########",
      "#         #",
      "#O # S    #",
      "#         #",
      "#    B    #",
      "#####     #",
      "#         #",
      "#   ##    #",
      "#   P G   #",
      "#         #",
      "###########"
   ],
   "values": {
      "B": 0.1827300324599191,
      "O": 0.6252830111806105,
      "P": 0.07620763705012903,
      "G": 0.11577931930934138
   },
   "optimal_path_length": 6,
   "ma_spawns": [
      [
         8,
         3
      ],
      [
         5,
         2
      ],
      [
         7,
         2
      ],
      [
         9,
         2
      ]
   ]
}