{
   "grid": [
      "###########",
      "# ####  B #",
      "# O       #",
      "#         #",
      "# #       #",
      "#         #",
      "# S P  G  #",
      "#         #",
      "#         #",
      "#         #",
      "###########"
   ],
   "values": {
      "O": 0.767052158866736,
      "P": 0.05004476124415039,
      "G": 0.059781158416900855,
      "B": 0.12312192147221285
   },
   "optimal_path_length": 6,
   "ma_spawns": [
      [
         2,
         9
      ],
      [
         3,
         7
      ],
      [
         3,
         9
      ],
      [
         3,
         8
      ]
   ]
}