{
   "grid": [
      "###########",
      "#         #",
      "#         #",
      "#B     G S#",
      "#         #",
      "#        ##",
      "#         #",
      "#P       O#",
      "# ##  ##  #",
      "#         #",
      "###########"
   ],
   "values": {
      "G": 0.05091673081033976,
      "O": 0.6301727252547138,
      "B": 0.2958924031752014,
      "P": 0.023018140759744857
   },
   "optimal_path_length": 6,
   "ma_spawns": [
      [
         8,
         3
      ],
      [
         3,
         5
      ],
      [
         9,
         2
      ],
      [
         8,
         2
      ]
   ]
}