{
   "grid": [
      "###########",
      "#         #",
      "#         #",
      "#         #",
      "#       O #",
      "#   #B    #",
      "#    #  # #",
      "#G        #",
      "#     P S #",
      "#         #",
      "###########"
   ],
   "values": {
      "P": 0.012467910683317414,
      "B": 0.24319736698526226,
      "O": 0.6116110866992543,
      "G": 0.1327236356321659
   },
   "optimal_path_length": 6,
   "ma_spawns": [
      [
         6,
         7
      ],
      [
         4,
         7
      ],
      [
         3,
         6
      ],
      [
         7,
         8
      ]
   ]
}