{
   "grid": [
      "###########",
      "#B     P  #",
      "#         #",
      "#    ###  #",
      "#      S G#",
      "#         #",
      "#      #  #",
      "#         #",
      "##     O  #",
      "#         #",
      "###########"
   ],
   "values": {
      "G": 0.043141374087098894,
      "B": 0.15067279291493194,
      "O": 0.7701097216867605,
      "P": 0.03607611131120867
   },
   "optimal_path_length": 6,
   "ma_spawns": [
      [
         9,
         5
      ],
      [
         8,
         4
      ],
      [
         8,
         3
      ],
      [
         7,
         4
      ]
   ]
}