{
   "grid": [
      "###########",
      "#         #",
      "# #       #",
      "# #  O  B #",
      "#P#       #",
      "# #  #    #",
      "#         #",
      "#    S G  #",
      "########  #",
      "#         #",
      "###########"
   ],
   "values": {
      "G": 0.023739329648899684,
      "B": 0.2537544601465523,
      "O": 0.710548060230843,
      "P": 0.011958149973705031
   },
   "optimal_path_length": 6,
   "ma_spawns": [
      [
         6,
         7
      ],
      [
         9,
         6
      ],
      [
         8,
         6
      ],
      [
         7,
         6
      ]
   ]
}