{
   "grid": [
      "###########",
      "#         #",
      "#   B     #",
      "# ######  #",
      "#         #",
      "#         #",
      "#  S # O  #",
      "#         #",
      "#  P  #   #",
      "#       G #",
      "###########"
   ],
   "values": {
      "P": 0.054086997909669844,
      "G": 0.07511151381614632,
      "B": 0.1580369860254982,
      "O": 0.7127645022486857
   },
   "optimal_path_length": 6,
   "ma_spawns": [
      [
         1,
         7
      ],
      [
         3,
         7
      ],
      [
         2,
         7
      ],
      [
         1,
         6
      ]
   ]
}