{
   "grid": [
      "###########",
      "#         #",
      "##     P  #",
      "##        #",
      "########  #",
      "#B        #",
      "#        G#",
      "#         #",
      "#    O # S#",
      "#         #",
      "###########"
   ],
   "values": {
      "G": 0.03901756907692634,
      "P": 0.005981761628969621,
      "O": 0.830221178172124,
      "B": 0.12477949112197986
   },
   "optimal_path_length": 6,
   "ma_spawns": [
      [
         8,
         4
      ],
      [
         8,
         6
      ],
      [
         8,
         5
      ],
      [
         9,
         8
      ]
   ]
}