{
   "grid": [
      "###########",
      "#  #      #",
      "#  #      #",
      "#  ##     #",
      "#B #      #",
      "# O#      #",
      "#  #      #",
      "# #     P #",
      "#         #",
      "# S G     #",
      "###########"
   ],
   "values": {
      "G": 0.13123605391443616,
      "O": 0.5479779014135749,
      "B": 0.22881787124531255,
      "P": 0.09196817342667635
   },
   "optimal_path_length": 6,
   "ma_spawns": [
      [
         3,
         8
      ],
      [
         2,
         9
      ],
      [
         3,
         7
      ]
   ]
}