{
   "grid": [
      "###########",
      "#     #  G#",
      "#         #",
      "#     ##  #",
      "#      B S#",
      "#         #",
      "# P      ##",
      "#         #",
      "#        O#",
      "#         #",
      "###########"
   ],
   "values": {
      "B": 0.1625134371389429,
      "O": 0.6974358165371046,
      "P": 0.01227856513355205,
      "G": 0.1277721811904005
   },
   "optimal_path_length": 6,
   "ma_spawns": [
      [
         8,
         3
      ],
      [
         9,
         4
      ],
      [
         7,
         5
      ],
      [
         8,
         4
      ]
   ]
}