{
   "grid": [
      "###########",
      "#         #",
      "#         #",
      "#    B    #",
      "######    #",
      "#       P #",
      "#       G #",
      "# ######  #",
      "#   O # S #",
      "#         #",
      "###########"
   ],
   "values": {
      "O": 0.5722769060706748,
      "G": 0.13645652284809223,
      "P": 0.0859134923527082,
      "B": 0.20535307872852468
   },
   "optimal_path_length": 6,
   "ma_spawns": [
      [
         9,
         8
      ],
      [
         4,
         6
      ],
      [
         8,
         8
      ]
   ]
}