{
   "grid": [
      "###########",
      "# O # S   #",
      "#         #",
      "#     G   #",
      "####      #",
      "#      B  #",
      "#     #   #",
      "#     #   #",
      "#P        #",
      "#         #",
      "###########"
   ],
   "values": {
      "G": 0.11085488052541316,
      "O": 0.6975519683894934,
      "B": 0.17260681861021365,
      "P": 0.018986332474879873
   },
   "optimal_path_length": 6,
   "ma_spawns": [
      [
         3,
         6
      ],
      [
         6,
         2
      ],
      [
         5,
         3
      ],
      [
         4,
         7
      ]
   ]
}