{
   "grid": [
      "###########",
      "#  ##     #",
      "# O       #",
      "#    #    #",
      "# #  #    #",
      "#    #    #",
      "# S P   B #",
      "#      G  #",
      "#         #",
      "#         #",
      "###########"
   ],
   "values": {
      "P": 0.019692867774270862,
      "O": 0.6512055832152834,
      "B": 0.18016043487723407,
      "G": 0.14894111413321146
   },
   "optimal_path_length": 6,
   "ma_spawns": [
      [
         3,
         8
      ],
      [
         2,
         9
      ],
      [
         3,
         9
      ],
      [
         3,
         7
      ]
   ]
}