{
   "grid": [
      "###########",
      "##    #   #",
      "##    #   #",
      "#     #   #",
      "#   B #   #",
      "#     #O  #",
      "#     #   #",
      "#     ##  #",
      "#G        #",
      "#      S P#",
      "###########"
   ],
   "values": {
      "O": 0.7872302304764333,
      "P": 0.018517962707277295,
      "B": 0.15595615750154201,
      "G": 0.03829564931474736
   },
   "optimal_path_length": 6,
   "ma_spawns": [
      [
         7,
         9
      ],
      [
         9,
         8
      ],
      [
         6,
         9
      ],
      [
         8,
         9
      ]
   ]
}