{
   "grid": [
      "###########",
      "#        O#",
      "# #       #",
      "# #  #   ##",
      "#         #",
      "# G    P S#",
      "#         #",
      "#         #",
      "#    B    #",
      "#         #",
      "###########"
   ],
   "values": {
      "O": 0.6090092269556527,
      "P": 0.053759488043568046,
      "B": 0.1912009393590739,
      "G": 0.14603034564170542
   },
   "optimal_path_length": 6,
   "ma_spawns": [
      [
         8,
         7
      ],
      [
         8,
         5
      ],
      [
         6,
         4
      ],
      [
         9,
         5
      ]
   ]
}