{
   "grid": [
      "###########",
      "#    O    #",
      "#         #",
      "#    #    #",
      "#       B #",
      "#    S G  #",
      "#  #####  #",
      "#     #   #",
      "#P        #",
      "#         #",
      "###########"
   ],
   "values": {
      "G": 0.0893695557099169,
      "B": 0.22644267072911636,
      "P": 0.06307733034381621,
      "O": 0.6211104432171505
   },
   "optimal_path_length": 6,
   "ma_spawns": [
      [
         9,
         3
      ],
      [
         5,
         5
      ],
      [
         8,
         3
      ],
      [
         6,
         5
      ]
   ]
}