{
   "grid": [
      "###########",
      "#  G      #",
      "#         #",
      "#         #",
      "#       O #",
      "#         #",
      "#  ###### #",
      "# P    #  #",
      "#     B S #",
      "#         #",
      "###########"
   ],
   "values": {
      "B": 0.0823302256607124,
      "P": 0.05296642652262057,
      "G": 0.06641850557476661,
      "O": 0.7982848422419004
   },
   "optimal_path_length": 6,
   "ma_spawns": [
      [
         5,
         1
      ],
      [
         8,
         9
      ],
      [
         4,
         2
      ],
      [
         2,
         3
      ]
   ]
}