{
   "grid": [
      "###########",
      "##        #",
      "##        #",
      "# G       #",
      "#       O #",
      "#         #",
      "#       # #",
      "#         #",
      "# #B  P S #",
      "#         #",
      "###########"
   ],
   "values": {
      "P": 0.08148485339312933,
      "B": 0.14321080187083882,
      "G": 0.14220353863287932,
      "O": 0.6331008061031526
   },
   "optimal_path_length": 6,
   "ma_spawns": [
      [
         6,
         7
      ],
      [
         8,
         8
      ],
      [
         7,
         8
      ],
      [
         7,
         9
      ]
   ]
}