{
   "grid": [
      "###########",
      "#P    ##  #",
      "#         #",
      "#         #",
      "#      G S#",
      "#    B    #",
      "#     #  ##",
      "#     #   #",
      "#        O#",
      "#         #",
      "###########"
   ],
   "values": {
      "O": 0.6917131340984728,
      "G": 0.0849343113658205,
      "P": 0.06213932798585472,
      "B": 0.16121322654985196
   },
   "optimal_path_length": 6,
   "ma_spawns": [
      [
         8,
         1
      ],
      [
         8,
         4
      ],
      [
         9,
         2
      ],
      [
         8,
         2
      ]
   ]
}