{
   "grid": [
      "###########",
      "# #       #",
      "# #S BP   #",
      "# #    G  #",
      "# ##      #",
      "#         #",
      "#  O      #",
      "# #       #",
      "#         #",
      "#         #",
      "###########"
   ],
   "values": {
      "O": 0.6567956288421969,
      "B": 0.20278949338036714,
      "G": 0.0789679301202216,
      "P": 0.061446947657214236
   },
   "optimal_path_length": 6,
   "ma_spawns": [
      [
         4,
         2
      ],
      [
         3,
         2
      ],
      [
         3,
         1
      ],
      [
         5,
         3
      ]
   ]
}