{
   "grid": [
      "###########",
      "#         #",
      "#B    O   #",
      "# #       #",
      "###   #   #",
      "#         #",
      "#     S P #",
      "#         #",
      "#         #",
      "#       G #",
      "###########"
   ],
   "values": {
      "O": 0.7041108164909499,
      "P": 0.08231731732895577,
      "B": 0.12211500820974916,
      "G": 0.09145685797034518
   },
   "optimal_path_length": 6,
   "ma_spawns": [
      [
         6,
         7
      ],
      [
         6,
         6
      ],
      [
         7,
         6
      ],
      [
         7,
         7
      ]
   ]
}