{
   "grid": [
      "###########",
      "#         #",
      "#      G S#",
      "#         #",
      "######## ##",
      "#         #",
      "#      # O#",
      "#B        #",
      "#     P   #",
      "#         #",
      "###########"
   ],
   "values": {
      "G": 0.052462461645439905,
      "B": 0.1531110001055569,
      "O": 0.7550572811537685,
      "P": 0.039369257095234804
   },
   "optimal_path_length": 6,
   "ma_spawns": [
      [
         3,
         3
      ],
      [
         9,
         2
      ],
      [
         2,
         3
      ],
      [
         8,
         2
      ]
   ]
}