{
   "grid": [
      "###########",
      "#  #      #",
      "#  #  G S #",
      "#    #    #",
      "#    P  # #",
      "#         #",
      "#       O #",
      "#         #",
      "#         #",
      "#        B#",
      "###########"
   ],
   "values": {
      "G": 0.07945041012814588,
      "O": 0.6097541374222959,
      "B": 0.2777291476416715,
      "P": 0.033066304807886554
   },
   "optimal_path_length": 6,
   "ma_spawns": [
      [
         7,
         1
      ],
      [
         8,
         1
      ],
      [
         8,
         2
      ],
      [
         6,
         3
      ]
   ]
}