{
   "grid": [
      "###########",
      "#         #",
      "#        B#",
      "#   O     #",
      "#      G  #",
      "#   #     #",
      "#         #",
      "# ##S P   #",
      "#         #",
      "#         #",
      "###########"
   ],
   "values": {
      "O": 0.7456575567085175,
      "P": 0.031936143516478416,
      "G": 0.10552494989459572,
      "B": 0.11688134988040842
   },
   "optimal_path_length": 6,
   "ma_spawns": [
      [
         8,
         4
      ],
      [
         9,
         4
      ],
      [
         8,
         1
      ],
      [
         5,
         7
      ]
   ]
}