{
   "grid": [
      "###########",
      "# #       #",
      "#    B    #",
      "#       O #",
      "#     #   #",
      "#P      # #",
      "#         #",
      "#     G S #",
      "#         #",
      "#         #",
      "###########"
   ],
   "values": {
      "G": 0.03888498595518475,
      "B": 0.2652489904037167,
      "P": 0.03585443286276027,
      "O": 0.6600115907783383
   },
   "optimal_path_length": 6,
   "ma_spawns": [
      [
         7,
         8
      ],
      [
         5,
         6
      ],
      [
         7,
         9
      ],
      [
         6,
         6
      ]
   ]
}