{
   "grid": [
      "###########",
      "#         #",
      "#         #",
      "##        #",
      "#         #",
      "#B   # O  #",
      "#    #    #",
      "#  P   #  #",
      "#         #",
      "#      S G#",
      "###########"
   ],
   "values": {
      "G": 0.04770758486354055,
      "P": 0.018484446888024347,
      "O": 0.7201617574440781,
      "B": 0.21364621080435697
   },
   "optimal_path_length": 6,
   "ma_spawns": [
      [
         2,
         2
      ],
      [
         1,
         1
      ],
      [
         7,
         9
      ],
      [
         3,
         5
      ]
   ]
}