{
   "grid": [
      "###########",
      "#B        #",
      "#         #",
      "#         #",
      "#    O # S#",
      "#         #",
      "#P       G#",
      "#   ##    #",
      "#         #",
      "#         #",
      "###########"
   ],
   "values": {
      "G": 0.07585843844802612,
      "P": 0.0546200774273167,
      "O": 0.7626245998720014,
      "B": 0.10689688425265577
   },
   "optimal_path_length": 6,
   "ma_spawns": [
      [
         9,
         4
      ],
      [
         8,
         7
      ],
      [
         2,
         8
      ],
      [
         8,
         8
      ]
   ]
}