{
   "grid": [
      "###########",
      "#         #",
      "# P       #",
      "#         #",
      "# S # OG  #",
      "#         #",
      "# #       #",
      "# #####   #",
      "#       B #",
      "#         #",
      "###########"
   ],
   "values": {
      "P": 0.0783027129696263,
      "O": 0.694146350317485,
      "G": 0.08438228079220056,
      "B": 0.14316865592068811
   },
   "optimal_path_length": 6,
   "ma_spawns": [
      [
         4,
         8
      ],
      [
         1,
         4
      ],
      [
         3,
         1
      ],
      [
         2,
         8
      ]
   ]
}