{
   "grid": [
      "###########",
      "#         #",
      "#    S P  #",
      "# G    #  #",
      "#    #    #",
      "#   #     #",
      "#   #O  B #",
      "#         #",
      "#         #",
      "#         #",
      "###########"
   ],
   "values": {
      "P": 0.02299282823107739,
      "O": 0.6335315030373617,
      "B": 0.22668362379788537,
      "G": 0.11679204493367545
   },
   "optimal_path_length": 6,
   "ma_spawns": [
      [
         4,
         2
      ],
      [
         4,
         1
      ],
      [
         4,
         3
      ],
      [
         5,
         1
      ]
   ]
}