{
   "grid": [
      "###########",
      "#         #",
      "#  ##     #",
      "#         #",
      "# #       #",
      "#S B      #",
      "#         #",
      "##   G    #",
      "#         #",
      "#O      P #",
      "###########"
   ],
   "values": {
      "B": 0.201182315513248,
      "P": 0.09173683180480434,
      "O": 0.52650879269084,
      "G": 0.18057205999110776
   },
   "optimal_path_length": 6,
   "ma_spawns": [
      [
         1,
         1
      ],
      [
         4,
         7
      ],
      [
         1,
         2
      ],
      [
         1,
         3
      ]
   ]
}