{
   "grid": [
      "###########",
      "#         #",
      "#         #",
      "# #       #",
      "# #       #",
      "# #     O #",
      "#   G     #",
      "#       # #",
      "#   ##    #",
      "#P    B S #",
      "###########"
   ],
   "values": {
      "B": 0.06546881332087225,
      "G": 0.0604965055367763,
      "P": 0.01835446520322627,
      "O": 0.8556802159391252
   },
   "optimal_path_length": 6,
   "ma_spawns": [
      [
         6,
         8
      ],
      [
         8,
         9
      ],
      [
         7,
         9
      ]
   ]
}