{
   "grid": [
      "###########",
      "#     #   #",
      "#         #",
      "#         #",
      "#    BP S #",
      "#         #",
      "#       # #",
      "#      #  #",
      "#       O #",
      "#   G     #",
      "###########"
   ],
   "values": {
      "P": 0.10127550463947232,
      "B": 0.13566849911297135,
      "O": 0.6483630012665518,
      "G": 0.11469299498100448
   },
   "optimal_path_length": 6,
   "ma_spawns": [
      [
         8,
         2
      ],
      [
         8,
         1
      ],
      [
         8,
         3
      ],
      [
         8,
         4
      ]
   ]
}