{
   "grid": [
      "###########",
      "##        #",
      "##  ##    #",
      "## B      #",
      "##    S P #",
      "##        #",
      "#     #   #",
      "#         #",
      "#  G  O   #",
      "#         #",
      "###########"
   ],
   "values": {
      "P": 0.04457124040317659,
      "G": 0.05499810844481464,
      "O": 0.7513339812361431,
      "B": 0.14909666991586554
   },
   "optimal_path_length": 6,
   "ma_spawns": [
      [
         6,
         3
      ],
      [
         5,
         3
      ],
      [
         2,
         5
      ],
      [
         7,
         2
      ]
   ]
}