{
   "grid": [
      "###########",
      "##        #",
      "##        #",
      "##   ##  G#",
      "##        #",
      "## B  O   #",
      "##        #",
      "##    #   #",
      "#         #",
      "#     S P #",
      "###########"
   ],
   "values": {
      "P": 0.07015947444422259,
      "O": 0.731048831833927,
      "B": 0.11862570011117289,
      "G": 0.0801659936106775
   },
   "optimal_path_length": 6,
   "ma_spawns": [
      [
         7,
         9
      ],
      [
         6,
         9
      ],
      [
         9,
         8
      ],
      [
         8,
         8
      ]
   ]
}