{
   "grid": [
      "###########",
      "#         #",
      "#         #",
      "# P S###  #",
      "#         #",
      "#   #     #",
      "#       G #",
      "#   O     #",
      "#         #",
      "#   B     #",
      "###########"
   ],
   "values": {
      "P": 0.059998920345895955,
      "B": 0.21243750131969838,
      "O": 0.6009470454813344,
      "G": 0.1266165328530714
   },
   "optimal_path_length": 6,
   "ma_spawns": [
      [
         2,
         4
      ],
      [
         6,
         1
      ],
      [
         3,
         2
      ],
      [
         4,
         1
      ]
   ]
}