{
   "grid": [
      "###########",
      "#         #",
      "##    B   #",
      "##        #",
      "##     G S#",
      "#         #",
      "#####    ##",
      "#         #",
      "#        O#",
      "#     P   #",
      "###########"
   ],
   "values": {
      "G": 0.13029178365252195,
      "P": 0.028760500333014402,
      "B": 0.15829469754522202,
      "O": 0.6826530184692416
   },
   "optimal_path_length": 6,
   "ma_spawns": [
      [
         4,
         5
      ],
      [
         8,
         4
      ],
      [
         6,
         5
      ],
      [
         9,
         3
      ]
   ]
}