{
   "grid": [
      "###########",
      "#         #",
      "#         #",
      "# S   B # #",
      "#    ## # #",
      "#       # #",
      "#       # #",
      "#       G #",
      "# O       #",
      "#  P      #",
      "###########"
   ],
   "values": {
      "B": 0.38557929806338603,
      "P": 0.03306937169635498,
      "O": 0.4669553765348574,
      "G": 0.11439595370540163
   },
   "optimal_path_length": 5,
   "ma_spawns": [
      [
         2,
         1
      ],
      [
         9,
         4
      ],
      [
         2,
         2
      ],
      [
         8,
         1
      ]
   ]
}