{
   "grid": [
      "###########",
      "#       O #",
      "########  #",
      "# P#####  #",
      "#         #",
      "#         #",
      "#   B   S #",
      "#         #",
      "#         #",
      "#G        #",
      "###########"
   ],
   "values": {
      "O": 0.6712259556716551,
      "B": 0.22534835050649887,
      "P": 0.02768333675365388,
      "G": 0.07574235706819218
   },
   "optimal_path_length": 5,
   "ma_spawns": [
      [
         6,
         4
      ],
      [
         9,
         6
      ],
      [
         6,
         5
      ],
      [
         9,
         3
      ]
   ]
}