{
   "grid": [
      "###########",
      "#         #",
      "# B       #",
      "#         #",
      "#         #",
      "# ###    G#",
      "#         #",
      "# P#####  #",
      "#         #",
      "#   O    S#",
      "###########"
   ],
   "values": {
      "G": 0.11737407672957366,
      "O": 0.6441605783050993,
      "B": 0.20890288833585222,
      "P": 0.02956245662947485
   },
   "optimal_path_length": 5,
   "ma_spawns": [
      [
         7,
         9
      ],
      [
         7,
         6
      ],
      [
         6,
         9
      ],
      [
         9,
         3
      ]
   ]
}