{
   "grid": [
      "###########",
      "#####     #",
      "#   #     #",
      "# G #     #",
      "#  O      #",
      "#      P  #",
      "#  #      #",
      "#         #",
      "#  S  B   #",
      "#         #",
      "###########"
   ],
   "values": {
      "B": 0.22584901159651558,
      "G": 0.12369257263762677,
      "O": 0.6286210326839432,
      "P": 0.021837383081914415
   },
   "optimal_path_length": 6,
   "ma_spawns": [
      [
         5,
         9
      ],
      [
         8,
         4
      ],
      [
         3,
         7
      ],
      [
         9,
         3
      ]
   ]
}