{
   "grid": [
      "###########",
      "#         #",
      "# P       #",
      "#  ###    #",
      "#    G   S#",
      "#         #",
      "# #####   #",
      "#         #",
      "#         #",
      "#   B    O#",
      "###########"
   ],
   "values": {
      "O": 0.7216154540560029,
      "G": 0.10417475411068762,
      "B": 0.10611075325040462,
      "P": 0.06809903858290474
   },
   "optimal_path_length": 5,
   "ma_spawns": [
      [
         4,
         4
      ],
      [
         9,
         6
      ],
      [
         9,
         4
      ],
      [
         2,
         3
      ]
   ]
}