{
   "grid": [
      "###########",
      "#         #",
      "####     P#",
      "#         #",
      "#   S   B #",
      "#         #",
      "#   ##    #",
      "#         #",
      "#   O     #",
      "#    G    #",
      "###########"
   ],
   "values": {
      "B": 0.11584286298050679,
      "P": 0.01884104444470314,
      "G": 0.07122334388447099,
      "O": 0.7940927486903192
   },
   "optimal_path_length": 6,
   "ma_spawns": [
      [
         6,
         2
      ],
      [
         2,
         7
      ],
      [
         9,
         9
      ],
      [
         1,
         3
      ]
   ]
}