{
   "grid": [
      "###########",
      "#         #",
      "#  #   B  #",
      "#  #      #",
      "########  #",
      "#       P #",
      "#         #",
      "#         #",
      "#   O # S #",
      "# G       #",
      "###########"
   ],
   "values": {
      "P": 0.03943338175082584,
      "O": 0.7100266681366733,
      "B": 0.1700234358072909,
      "G": 0.08051651430520992
   },
   "optimal_path_length": 6,
   "ma_spawns": [
      [
         7,
         8
      ],
      [
         8,
         3
      ],
      [
         6,
         2
      ],
      [
         2,
         8
      ]
   ]
}