{
   "grid": [
      "###########",
      "#         #",
      "#   ##    #",
      "# O       #",
      "#         #",
      "#      #  #",
      "#      G  #",
      "#         #",
      "# S   P B #",
      "#         #",
      "###########"
   ],
   "values": {
      "O": 0.7753264307744816,
      "P": 0.06341483747806129,
      "B": 0.08615322574160905,
      "G": 0.0751055060058482
   },
   "optimal_path_length": 5,
   "ma_spawns": [
      [
         1,
         9
      ],
      [
         7,
         2
      ],
      [
         7,
         4
      ],
      [
         9,
         1
      ]
   ]
}