{
   "grid": [
      "###########",
      "#   P     #",
      "#     G   #",
      "#         #",
      "# O # S   #",
      "#  #      #",
      "#######   #",
      "#  #      #",
      "#         #",
      "#   B     #",
      "###########"
   ],
   "values": {
      "G": 0.1078189707526494,
      "O": 0.7237482708067579,
      "P": 0.031037926689856894,
      "B": 0.1373948317507358
   },
   "optimal_path_length": 6,
   "ma_spawns": [
      [
         8,
         7
      ],
      [
         1,
         3
      ],
      [
         4,
         8
      ],
      [
         1,
         7
      ]
   ]
}