{
   "grid": [
      "###########",
      "#      P  #",
      "#    G    #",
      "#     #   #",
      "#S B      #",
      "#  #      #",
      "##        #",
      "#         #",
      "#O        #",
      "#         #",
      "###########"
   ],
   "values": {
      "O": 0.6429374040373244,
      "B": 0.14457128285771742,
      "G": 0.11869508802226326,
      "P": 0.09379622508269478
   },
   "optimal_path_length": 6,
   "ma_spawns": [
      [
         6,
         6
      ],
      [
         5,
         5
      ],
      [
         4,
         1
      ],
      [
         6,
         4
      ]
   ]
}