{
   "grid": [
      "###########",
      "#   B     #",
      "#         #",
      "#         #",
      "#         #",
      "#  O      #",
      "##  ####  #",
      "## #    G #",
      "#         #",
      "#  S  P   #",
      "###########"
   ],
   "values": {
      "O": 0.751098635900073,
      "P": 0.059934719811207265,
      "G": 0.09013329232271845,
      "B": 0.09883335196600136
   },
   "optimal_path_length": 6,
   "ma_spawns": [
      [
         9,
         5
      ],
      [
         2,
         5
      ],
      [
         1,
         4
      ],
      [
         7,
         1
      ]
   ]
}