{
   "grid": [
      "###########",
      "#         #",
      "#  O      #",
      "#         #",
      "#  #      #",
      "#       G #",
      "#  S B    #",
      "#  #    P #",
      "#         #",
      "#         #",
      "###########"
   ],
   "values": {
      "B": 0.16311652967087778,
      "O": 0.7253421078376547,
      "P": 0.048767132121669554,
      "G": 0.06277423036979794
   },
   "optimal_path_length": 6,
   "ma_spawns": [
      [
         1,
         5
      ],
      [
         4,
         7
      ],
      [
         1,
         3
      ],
      [
         2,
         3
      ]
   ]
}