{
   "grid": [
      "###########",
      "#      #  #",
      "# B #  #  #",
      "#   #     #",
      "#   #    O#",
      "#   #     #",
      "#P  #     #",
      "#   #     #",
      "#         #",
      "#    G   S#",
      "###########"
   ],
   "values": {
      "G": 0.07252420002092759,
      "P": 0.05512340645117817,
      "B": 0.09199282162106906,
      "O": 0.7803595719068251
   },
   "optimal_path_length": 5,
   "ma_spawns": [
      [
         2,
         3
      ],
      [
         3,
         7
      ],
      [
         1,
         3
      ],
      [
         6,
         8
      ]
   ]
}