{
   "grid": [
      "###########",
      "##        #",
      "##P   S   #",
      "## #      #",
      "## #      #",
      "#  #      #",
      "#         #",
      "#     O   #",
      "#     G   #",
      "#   B     #",
      "###########"
   ],
   "values": {
      "P": 0.005107371054249255,
      "B": 0.08500661320044296,
      "O": 0.8580825557182948,
      "G": 0.05180346002701295
   },
   "optimal_path_length": 5,
   "ma_spawns": [
      [
         8,
         2
      ],
      [
         6,
         2
      ],
      [
         7,
         3
      ],
      [
         3,
         1
      ]
   ]
}