{
   "grid": [
      "###########",
      "# G       #",
      "# #       #",
      "#O      P #",
      "#         #",
      "##        #",
      "#  #      #",
      "#S B      #",
      "#         #",
      "#         #",
      "###########"
   ],
   "values": {
      "O": 0.6701327524405982,
      "B": 0.15144230685769786,
      "G": 0.13297939277937698,
      "P": 0.045445547922327065
   },
   "optimal_path_length": 6,
   "ma_spawns": [
      [
         6,
         5
      ],
      [
         8,
         2
      ],
      [
         7,
         5
      ],
      [
         6,
         1
      ]
   ]
}