{
   "grid": [
      "###########",
      "#O ###    #",
      "#         #",
      "##        #",
      "#         #",
      "#S  G   # #",
      "#       # #",
      "#      P# #",
      "#     B   #",
      "#         #",
      "###########"
   ],
   "values": {
      "G": 0.10435821311490923,
      "P": 0.047818543394030626,
      "O": 0.6620295797968753,
      "B": 0.185793663694185
   },
   "optimal_path_length": 6,
   "ma_spawns": [
      [
         5,
         7
      ],
      [
         6,
         4
      ],
      [
         2,
         8
      ],
      [
         8,
         4
      ]
   ]
}