{
   "grid": [
      "###########",
      "#      # B#",
      "#   ####  #",
      "# S   G#  #",
      "#      #  #",
      "#      #  #",
      "#      #  #",
      "# O       #",
      "#         #",
      "#  P      #",
      "###########"
   ],
   "values": {
      "O": 0.6550334497736838,
      "G": 0.09646553936045167,
      "P": 0.029997484113392994,
      "B": 0.21850352675247156
   },
   "optimal_path_length": 4,
   "ma_spawns": [
      [
         1,
         5
      ],
      [
         3,
         8
      ],
      [
         4,
         4
      ],
      [
         3,
         4
      ]
   ]
}