{
   "grid": [
      "###########",
      "#G   S  # #",
      "#       # #",
      "#       # #",
      "#      ## #",
      "#      #  #",
      "#    O    #",
      "#   P     #",
      "#    B    #",
      "#         #",
      "###########"
   ],
   "values": {
      "O": 0.6672209926721746,
      "G": 0.09854935890208627,
      "P": 0.04387891359619437,
      "B": 0.19035073482954473
   },
   "optimal_path_length": 5,
   "ma_spawns": [
      [
         4,
         5
      ],
      [
         7,
         1
      ],
      [
         1,
         7
      ],
      [
         4,
         1
      ]
   ]
}