{
   "grid": [
      "###########",
      "#   O    P#",
      "#         #",
      "#   #     #",
      "#      #  #",
      "##  S  B  #",
      "#         #",
      "#         #",
      "#       G #",
      "#         #",
      "###########"
   ],
   "values": {
      "B": 0.09828015940294783,
      "O": 0.7475553659527261,
      "P": 0.0633078452784338,
      "G": 0.09085662936589223
   },
   "optimal_path_length": 6,
   "ma_spawns": [
      [
         8,
         4
      ],
      [
         1,
         7
      ],
      [
         5,
         9
      ],
      [
         4,
         5
      ]
   ]
}