{
   "grid": [
      "###########",
      "#         #",
      "#  B      #",
      "#P        #",
      "#         #",
      "#   G   S #",
      "#  #      #",
      "######    #",
      "#         #",
      "#       O #",
      "###########"
   ],
   "values": {
      "O": 0.581940076908335,
      "G": 0.1079012924972624,
      "B": 0.22537056878849177,
      "P": 0.08478806180591078
   },
   "optimal_path_length": 4,
   "ma_spawns": [
      [
         2,
         1
      ],
      [
         1,
         6
      ],
      [
         6,
         9
      ],
      [
         3,
         9
      ]
   ]
}