{
   "grid": [
      "###########",
      "#  G      #",
      "#         #",
      "#  P     O#",
      "#  #      #",
      "#         #",
      "#         #",
      "#    #    #",
      "#    B   S#",
      "#         #",
      "###########"
   ],
   "values": {
      "B": 0.12162277261151073,
      "O": 0.7436208124698857,
      "G": 0.1033430677894927,
      "P": 0.03141334712911082
   },
   "optimal_path_length": 5,
   "ma_spawns": [
      [
         3,
         6
      ],
      [
         8,
         6
      ],
      [
         8,
         2
      ],
      [
         7,
         3
      ]
   ]
}