{
   "grid": [
      "###########",
      "#  #      #",
      "#         #",
      "#         #",
      "#  O     G#",
      "#    ##   #",
      "#  #     B#",
      "#         #",
      "#         #",
      "#  S   P  #",
      "###########"
   ],
   "values": {
      "O": 0.5579385551442229,
      "P": 0.0794058210011106,
      "B": 0.2203151912474749,
      "G": 0.14234043260719165
   },
   "optimal_path_length": 7,
   "ma_spawns": [
      [
         8,
         5
      ],
      [
         2,
         1
      ],
      [
         6,
         9
      ],
      [
         1,
         2
      ]
   ]
}