{
   "grid": [
      "###########",
      "# #       #",
      "#         #",
      "#         #",
      "#   S # OP#",
      "#         #",
      "#       # #",
      "#   B   # #",
      "#    G    #",
      "#         #",
      "###########"
   ],
   "values": {
      "B": 0.3066364346786978,
      "P": 0.018502153352286943,
      "G": 0.08033416745856817,
      "O": 0.594527244510447
   },
   "optimal_path_length": 6,
   "ma_spawns": [
      [
         6,
         2
      ],
      [
         8,
         2
      ],
      [
         2,
         3
      ],
      [
         7,
         8
      ]
   ]
}