{
   "grid": [
      "###########",
      "#         #",
      "#         #",
      "#         #",
      "# BP   S  #",
      "#         #",
      "# G       #",
      "# ##      #",
      "#         #",
      "#      O  #",
      "###########"
   ],
   "values": {
      "P": 0.015348004024168456,
      "O": 0.7380861217518367,
      "B": 0.20383320083460596,
      "G": 0.04273267338938879
   },
   "optimal_path_length": 5,
   "ma_spawns": [
      [
         4,
         7
      ],
      [
         8,
         7
      ],
      [
         9,
         4
      ],
      [
         7,
         3
      ]
   ]
}