{
   "grid": [
      "###########",
      "#G    P   #",
      "#         #",
      "#         #",
      "#    #    #",
      "#    #  O #",
      "#         #",
      "# #     # #",
      "#         #",
      "#     B S #",
      "###########"
   ],
   "values": {
      "B": 0.29359074976071636,
      "G": 0.13445068156798717,
      "P": 0.12764429791749915,
      "O": 0.4443142707537971
   },
   "optimal_path_length": 6,
   "ma_spawns": [
      [
         9,
         4
      ],
      [
         7,
         1
      ],
      [
         3,
         1
      ],
      [
         1,
         9
      ]
   ]
}