{
   "grid": [
      "###########",
      "#   #     #",
      "#   #     #",
      "#  G#     #",
      "#   #P   S#",
      "#   #     #",
      "#   #     #",
      "#B        #",
      "# #####   #",
      "#        O#",
      "###########"
   ],
   "values": {
      "P": 0.02602979170532101,
      "G": 0.10642135093191767,
      "B": 0.13791672593187504,
      "O": 0.7296321314308863
   },
   "optimal_path_length": 5,
   "ma_spawns": [
      [
         3,
         7
      ],
      [
         9,
         1
      ],
      [
         2,
         6
      ],
      [
         8,
         5
      ]
   ]
}