{
   "grid": [
      "###########",
      "#         #",
      "# B       #",
      "#        O#",
      "#  ##     #",
      "#   #    ##",
      "#   #     #",
      "#    P   S#",
      "#G        #",
      "#         #",
      "###########"
   ],
   "values": {
      "P": 0.05687740073510068,
      "O": 0.5885460472891794,
      "B": 0.17764297818134403,
      "G": 0.17693357379437594
   },
   "optimal_path_length": 6,
   "ma_spawns": [
      [
         1,
         2
      ],
      [
         3,
         1
      ],
      [
         2,
         9
      ],
      [
         1,
         7
      ]
   ]
}