{
   "grid": [
      "###########",
      "#   P   S #",
      "#         #",
      "#         #",
      "#         #",
      "#         #",
      "# BG    O #",
      "# #       #",
      "#   ##    #",
      "#         #",
      "###########"
   ],
   "values": {
      "P": 0.044409126637709816,
      "B": 0.0939790404438745,
      "O": 0.8026406901459745,
      "G": 0.05897114277244131
   },
   "optimal_path_length": 5,
   "ma_spawns": [
      [
         4,
         6
      ],
      [
         2,
         8
      ],
      [
         7,
         4
      ],
      [
         3,
         4
      ]
   ]
}