{
   "grid": [
      "###########",
      "#    ###  #",
      "#     PB S#",
      "#  #      #",
      "#  #     ##",
      "#  #      #",
      "#  #     O#",
      "#     G   #",
      "#         #",
      "#         #",
      "###########"
   ],
   "values": {
      "B": 0.16840223431327636,
      "P": 0.06107177433712219,
      "O": 0.6978648312783424,
      "G": 0.07266116007125888
   },
   "optimal_path_length": 6,
   "ma_spawns": [
      [
         2,
         2
      ],
      [
         2,
         8
      ],
      [
         4,
         3
      ],
      [
         1,
         9
      ]
   ]
}