{
   "grid": [
      "###########",
      "#   #     #",
      "#   #   # #",
      "#B   S  # #",
      "#       # #",
      "#         #",
      "#         #",
      "#         #",
      "#    O    #",
      "#  G    P #",
      "###########"
   ],
   "values": {
      "B": 0.1598858165063732,
      "P": 0.0908785394663773,
      "O": 0.5989558414228973,
      "G": 0.15027980260435228
   },
   "optimal_path_length": 5,
   "ma_spawns": [
      [
         1,
         5
      ],
      [
         8,
         1
      ],
      [
         4,
         4
      ],
      [
         6,
         9
      ]
   ]
}