{
   "grid": [
      "###########",
      "#         #",
      "#    B#  G#",
      "# O   #   #",
      "#     #   #",
      "#   # #   #",
      "#   #     #",
      "#         #",
      "# S   P   #",
      "#         #",
      "###########"
   ],
   "values": {
      "P": 0.08834121505036006,
      "O": 0.5544060279134517,
      "B": 0.24216854305857666,
      "G": 0.11508421397761151
   },
   "optimal_path_length": 5,
   "ma_spawns": [
      [
         2,
         9
      ],
      [
         1,
         1
      ],
      [
         7,
         2
      ],
      [
         9,
         5
      ]
   ]
}