{
   "grid": [
      "###########",
      "#         #",
      "#   ####  #",
      "#    S   G#",
      "#         #",
      "#         #",
      "#         #",
      "#         #",
      "#    O    #",
      "#B    P   #",
      "###########"
   ],
   "values": {
      "G": 0.10196351672994547,
      "P": 0.09830351312821281,
      "B": 0.19086215335759427,
      "O": 0.6088708167842474
   },
   "optimal_path_length": 5,
   "ma_spawns": [
      [
         9,
         4
      ],
      [
         9,
         2
      ],
      [
         2,
         2
      ],
      [
         2,
         6
      ]
   ]
}