{
   "grid": [
      "###########",
      "#  B      #",
      "#         #",
      "#         #",
      "#  ###G  S#",
      "#         #",
      "#        ##",
      "# P       #",
      "#        O#",
      "#         #",
      "###########"
   ],
   "values": {
      "O": 0.5939433588567828,
      "G": 0.11788520549766647,
      "B": 0.2831042008901988,
      "P": 0.005067234755351945
   },
   "optimal_path_length": 6,
   "ma_spawns": [
      [
         4,
         8
      ],
      [
         5,
         5
      ],
      [
         3,
         8
      ],
      [
         6,
         7
      ]
   ]
}