{
   "grid": [
      "###########",
      "#         #",
      "# #       #",
      "# # S   B #",
      "# #  #    #",
      "# #       #",
      "#         #",
      "#        P#",
      "#   O     #",
      "#   G     #",
      "###########"
   ],
   "values": {
      "O": 0.6455688996994279,
      "B": 0.17827542019700085,
      "G": 0.15721865227374193,
      "P": 0.0189370278298293
   },
   "optimal_path_length": 5,
   "ma_spawns": [
      [
         3,
         4
      ],
      [
         6,
         3
      ],
      [
         8,
         6
      ],
      [
         4,
         6
      ]
   ]
}