{
   "grid": [
      "###########",
      "#  #    P #",
      "#  #      #",
      "#  #      #",
      "## #     O#",
      "## #      #",
      "## #      #",
      "#  #      #",
      "#         #",
      "#   GB   S#",
      "###########"
   ],
   "values": {
      "O": 0.6554670075999477,
      "B": 0.1573840460026942,
      "P": 0.04877491669391219,
      "G": 0.13837402970344606
   },
   "optimal_path_length": 5,
   "ma_spawns": [
      [
         6,
         4
      ],
      [
         7,
         6
      ],
      [
         1,
         1
      ],
      [
         2,
         1
      ]
   ]
}