{
   "grid": [
      "###########",
      "#G        #",
      "##        #",
      "#         #",
      "#    O # S#",
      "#         #",
      "# B#####  #",
      "#         #",
      "#        P#",
      "#         #",
      "###########"
   ],
   "values": {
      "O": 0.5495742650097915,
      "P": 0.11638600412627041,
      "B": 0.17099263556904312,
      "G": 0.163047095294895
   },
   "optimal_path_length": 6,
   "ma_spawns": [
      [
         5,
         2
      ],
      [
         1,
         3
      ],
      [
         6,
         2
      ],
      [
         4,
         7
      ]
   ]
}