{
   "grid": [
      "###########",
      "#         #",
      "#   P   S #",
      "#   ###   #",
      "#         #",
      "#G        #",
      "#         #",
      "#  B    O #",
      "#         #",
      "#         #",
      "###########"
   ],
   "values": {
      "P": 0.041265427142652085,
      "O": 0.7810508795877135,
      "B": 0.10515324301288664,
      "G": 0.07253045025674772
   },
   "optimal_path_length": 5,
   "ma_spawns": [
      [
         1,
         3
      ],
      [
         5,
         1
      ],
      [
         9,
         2
      ],
      [
         9,
         1
      ]
   ]
}