{
   "grid": [
      "###########",
      "#    #    #",
      "#         #",
      "#        O#",
      "#         #",
      "#P       ##",
      "#         #",
      "# #G  B  S#",
      "#         #",
      "#         #",
      "###########"
   ],
   "values": {
      "B": 0.17556366708712798,
      "O": 0.7230923075050147,
      "G": 0.08588303105775036,
      "P": 0.015460994350106774
   },
   "optimal_path_length": 6,
   "ma_spawns": [
      [
         4,
         3
      ],
      [
         1,
         2
      ],
      [
         8,
         1
      ],
      [
         5,
         2
      ]
   ]
}