{
   "grid": [
      "###########",
      "#         #",
      "#         #",
      "#         #",
      "#  O # S  #",
      "#         #",
      "######  # #",
      "#         #",
      "#B     P  #",
      "#    G    #",
      "###########"
   ],
   "values": {
      "O": 0.658978594665828,
      "P": 0.0934545019586752,
      "G": 0.10438498261681102,
      "B": 0.14318192075868583
   },
   "optimal_path_length": 6,
   "ma_spawns": [
      [
         2,
         3
      ],
      [
         4,
         9
      ],
      [
         6,
         9
      ],
      [
         4,
         3
      ]
   ]
}