{
   "grid": [
      "###########",
      "#  #      #",
      "#   B     #",
      "#    G    #",
      "#    O    #",
      "#         #",
      "#         #",
      "#         #",
      "#         #",
      "#    S   P#",
      "###########"
   ],
   "values": {
      "O": 0.581778259839474,
      "P": 0.03811918297450508,
      "G": 0.09107110988026887,
      "B": 0.28903144730575225
   },
   "optimal_path_length": 5,
   "ma_spawns": [
      [
         8,
         9
      ],
      [
         5,
         5
      ],
      [
         1,
         7
      ],
      [
         7,
         7
      ]
   ]
}