{
   "grid": [
      "###########",
      "##### B  P#",
      "# O       #",
      "#         #",
      "#         #",
      "#         #",
      "#         #",
      "# S   G   #",
      "#         #",
      "#         #",
      "###########"
   ],
   "values": {
      "O": 0.6921098432910837,
      "G": 0.09744471416585035,
      "B": 0.16567145503474556,
      "P": 0.0447739875083203
   },
   "optimal_path_length": 5,
   "ma_spawns": [
      [
         7,
         3
      ],
      [
         5,
         8
      ],
      [
         1,
         9
      ],
      [
         4,
         9
      ]
   ]
}