{
   "grid": [
      "###########",
      "#####     #",
      "#         #",
      "#     B S #",
      "#         #",
      "#       # #",
      "#    G    #",
      "#      #O #",
      "#         #",
      "# P       #",
      "###########"
   ],
   "values": {
      "B": 0.24206709201003646,
      "G": 0.11524240416480001,
      "O": 0.5627339640668596,
      "P": 0.07995653975830389
   },
   "optimal_path_length": 6,
   "ma_spawns": [
      [
         5,
         4
      ],
      [
         3,
         7
      ],
      [
         5,
         3
      ],
      [
         7,
         8
      ]
   ]
}