{
   "grid": [
      "###########",
      "#   #     #",
      "#   #     #",
      "#   #B    #",
      "# P #     #",
      "#   #   G #",
      "#   #  #  #",
      "#   #  #  #",
      "# S  # O  #",
      "#         #",
      "###########"
   ],
   "values": {
      "P": 0.056862333285243455,
      "G": 0.09446592654763687,
      "O": 0.6510799042608075,
      "B": 0.19759183590631207
   },
   "optimal_path_length": 7,
   "ma_spawns": [
      [
         5,
         7
      ],
      [
         9,
         9
      ],
      [
         4,
         8
      ],
      [
         1,
         7
      ]
   ]
}