{
   "grid": [
      "###########",
      "#      PB #",
      "#    O    #",
      "#         #",
      "#         #",
      "# ###     #",
      "#         #",
      "#    S   G#",
      "#         #",
      "#         #",
      "###########"
   ],
   "values": {
      "G": 0.06806244793980491,
      "P": 0.039323696210849864,
      "B": 0.1381749788457089,
      "O": 0.7544388770036362
   },
   "optimal_path_length": 5,
   "ma_spawns": [
      [
         3,
         8
      ],
      [
         4,
         6
      ],
      [
         2,
         2
      ],
      [
         7,
         4
      ]
   ]
}