{
   "grid": [
      "###########",
      "#GP       #",
      "#         #",
      "#  B   S  #",
      "#         #",
      "#  #   #  #",
      "#  #      #",
      "# ##   O  #",
      "#         #",
      "#         #",
      "###########"
   ],
   "values": {
      "O": 0.7243129946768178,
      "B": 0.23494075069511455,
      "P": 0.01138769517798834,
      "G": 0.029358559450079407
   },
   "optimal_path_length": 6,
   "ma_spawns": [
      [
         4,
         7
      ],
      [
         5,
         6
      ],
      [
         9,
         8
      ],
      [
         3,
         1
      ]
   ]
}