{
   "grid": [
      "###########",
      "#    S   B#",
      "#         #",
      "#         #",
      "#         #",
      "#         #",
      "#    O    #",
      "#         #",
      "##        #",
      "#   PG    #",
      "###########"
   ],
   "values": {
      "B": 0.20960307618040322,
      "O": 0.658622889814357,
      "P": 0.04359015848116174,
      "G": 0.088183875524078
   },
   "optimal_path_length": 5,
   "ma_spawns": [
      [
         9,
         6
      ],
      [
         2,
         2
      ],
      [
         6,
         7
      ],
      [
         6,
         2
      ]
   ]
}