{
   "grid": [
      "###########",
      "#O #      #",
      "#  #  #   #",
      "#     #   #",
      "#     #   #",
      "#         #",
      "#S   B    #",
      "#         #",
      "#       P #",
      "#     G   #",
      "###########"
   ],
   "values": {
      "B": 0.3858293936354077,
      "O": 0.5084778529686256,
      "P": 0.037598979614715096,
      "G": 0.0680937737812517
   },
   "optimal_path_length": 5,
   "ma_spawns": [
      [
         5,
         3
      ],
      [
         3,
         6
      ],
      [
         9,
         3
      ],
      [
         9,
         4
      ]
   ]
}