{
   "grid": [
      "###########",
      "#         #",
      "#         #",
      "# G    #  #",
      "#         #",
      "#         #",
      "#         #",
      "# S    O B#",
      "#       P #",
      "#         #",
      "###########"
   ],
   "values": {
      "G": 0.12871422608184263,
      "B": 0.2240696794970311,
      "P": 0.041814016915408356,
      "O": 0.605402077505718
   },
   "optimal_path_length": 5,
   "ma_spawns": [
      [
         5,
         1
      ],
      [
         1,
         5
      ],
      [
         3,
         1
      ],
      [
         9,
         2
      ]
   ]
}