{
   "grid": [
      "###########",
      "#         #",
      "#  #     O#",
      "#  #      #",
      "# P#     ##",
      "#         #",
      "# G   B  S#",
      "#  ####   #",
      "#         #",
      "#         #",
      "###########"
   ],
   "values": {
      "O": 0.6147588130732886,
      "B": 0.1799063058064546,
      "P": 0.059695830582394076,
      "G": 0.14563905053786286
   },
   "optimal_path_length": 6,
   "ma_spawns": [
      [
         5,
         4
      ],
      [
         4,
         9
      ],
      [
         8,
         3
      ],
      [
         5,
         8
      ]
   ]
}