{
   "grid": [
      "###########",
      "#G   P    #",
      "#    O    #",
      "#  #      #",
      "#  #      #",
      "#  #      #",
      "#  #      #",
      "#  # S   B#",
      "#         #",
      "#         #",
      "###########"
   ],
   "values": {
      "B": 0.1767160752445548,
      "G": 0.15723116641975854,
      "O": 0.5645674002976234,
      "P": 0.10148535803806318
   },
   "optimal_path_length": 5,
   "ma_spawns": [
      [
         2,
         5
      ],
      [
         9,
         1
      ],
      [
         5,
         8
      ],
      [
         2,
         8
      ]
   ]
}