{
   "grid": [
      "###########",
      "#  G #    #",
      "#         #",
      "#        B#",
      "#         #",
      "# P   ##  #",
      "#         #",
      "#         #",
      "#         #",
      "# S    O  #",
      "###########"
   ],
   "values": {
      "P": 0.06277898801771094,
      "G": 0.11834972112832323,
      "O": 0.6485141561095678,
      "B": 0.17035713474439815
   },
   "optimal_path_length": 5,
   "ma_spawns": [
      [
         1,
         9
      ],
      [
         2,
         9
      ],
      [
         5,
         6
      ],
      [
         3,
         8
      ]
   ]
}