{
   "grid": [
      "###########",
      "#         #",
      "#         #",
      "#         #",
      "#    ###  #",
      "# PO    S #",
      "#         #",
      "#B        #",
      "#     #   #",
      "#       G #",
      "###########"
   ],
   "values": {
      "O": 0.723964994856305,
      "G": 0.05427013034601709,
      "P": 0.03087977594772004,
      "B": 0.19088509884995783
   },
   "optimal_path_length": 5,
   "ma_spawns": [
      [
         1,
         4
      ],
      [
         8,
         4
      ],
      [
         2,
         1
      ],
      [
         1,
         2
      ]
   ]
}