{
   "grid": [
      "###########",
      "#     P # #",
      "#       #G#",
      "#         #",
      "#         #",
      "# ###     #",
      "#B  O    S#",
      "#         #",
      "#         #",
      "#         #",
      "###########"
   ],
   "values": {
      "G": 0.06642643798475684,
      "O": 0.6606156032499875,
      "B": 0.21871814759251804,
      "P": 0.05423981117273759
   },
   "optimal_path_length": 5,
   "ma_spawns": [
      [
         9,
         6
      ],
      [
         8,
         5
      ],
      [
         3,
         3
      ],
      [
         9,
         7
      ]
   ]
}