{
   "grid": [
      "###########",
      "#         #",
      "#  ##     #",
      "#   S   P #",
      "#         #",
      "# #       #",
      "#         #",
      "#         #",
      "#   O     #",
      "# B     G #",
      "###########"
   ],
   "values": {
      "P": 0.02243756772446108,
      "G": 0.09089346693960527,
      "B": 0.11332795494513176,
      "O": 0.7733410103908018
   },
   "optimal_path_length": 5,
   "ma_spawns": [
      [
         5,
         4
      ],
      [
         1,
         4
      ],
      [
         7,
         7
      ],
      [
         2,
         7
      ]
   ]
}