{
   "grid": [
      "###########",
      "#       P #",
      "#     O   #",
      "#         #",
      "#B        #",
      "#         #",
      "#      #  #",
      "# G   S   #",
      "#    #    #",
      "#         #",
      "###########"
   ],
   "values": {
      "G": 0.06957773507393061,
      "B": 0.15010990459348186,
      "P": 0.04063660894372763,
      "O": 0.73967575138886
   },
   "optimal_path_length": 5,
   "ma_spawns": [
      [
         3,
         3
      ],
      [
         8,
         8
      ],
      [
         9,
         9
      ],
      [
         8,
         4
      ]
   ]
}