{
   "grid": [
      "###########",
      "#         #",
      "#         #",
      "#S    O   #",
      "#         #",
      "#    ##   #",
      "#         #",
      "#P #      #",
      "#  G      #",
      "#    B    #",
      "###########"
   ],
   "values": {
      "O": 0.7951667576728992,
      "P": 0.045283734830583934,
      "G": 0.07461814975210282,
      "B": 0.08493135774441404
   },
   "optimal_path_length": 5,
   "ma_spawns": [
      [
         7,
         7
      ],
      [
         1,
         3
      ],
      [
         1,
         2
      ],
      [
         9,
         7
      ]
   ]
}