{
   "grid": [
      "###########",
      "#         #",
      "#   #### O#",
      "#         #",
      "########  #",
      "#         #",
      "#   P     #",
      "#    B   S#",
      "#         #",
      "#  G      #",
      "###########"
   ],
   "values": {
      "B": 0.2160029261363937,
      "O": 0.5410235060862251,
      "P": 0.06311469404842679,
      "G": 0.17985887372895445
   },
   "optimal_path_length": 5,
   "ma_spawns": [
      [
         9,
         7
      ],
      [
         7,
         5
      ],
      [
         8,
         6
      ],
      [
         9,
         8
      ]
   ]
}