{
   "grid": [
      "###########",
      "# ####    #",
      "#S   B    #",
      "#         #",
      "#         #",
      "#      P  #",
      "#         #",
      "#O#       #",
      "#         #",
      "#G        #",
      "###########"
   ],
   "values": {
      "B": 0.2810423616398926,
      "P": 0.07836339237150916,
      "O": 0.5590902264648481,
      "G": 0.08150401952375017
   },
   "optimal_path_length": 5,
   "ma_spawns": [
      [
         3,
         4
      ],
      [
         1,
         1
      ],
      [
         2,
         3
      ],
      [
         1,
         2
      ]
   ]
}