{
   "grid": [
      "###########",
      "#         #",
      "#S   B  G #",
      "#         #",
      "#         #",
      "#         #",
      "# #       #",
      "#O        #",
      "#     P   #",
      "#         #",
      "###########"
   ],
   "values": {
      "B": 0.1854701685374597,
      "G": 0.10238699828757528,
      "O": 0.701543667746743,
      "P": 0.010599165428221927
   },
   "optimal_path_length": 5,
   "ma_spawns": [
      [
         2,
         3
      ],
      [
         1,
         2
      ],
      [
         4,
         5
      ],
      [
         3,
         4
      ]
   ]
}