{
   "grid": [
      "###########",
      "#         #",
      "#    G   S#",
      "# B #     #",
      "#   #     #",
      "#   #     #",
      "#   #     #",
      "#   #    O#",
      "#######   #",
      "# P       #",
      "###########"
   ],
   "values": {
      "G": 0.03118962668164841,
      "B": 0.2563319756707339,
      "P": 0.005454383877999384,
      "O": 0.7070240137696182
   },
   "optimal_path_length": 5,
   "ma_spawns": [
      [
         8,
         3
      ],
      [
         6,
         5
      ],
      [
         6,
         9
      ],
      [
         7,
         4
      ]
   ]
}