{
   "grid": [
      "###########",
      "#       G #",
      "#         #",
      "#         #",
      "#  S   B  #",
      "#         #",
      "###       #",
      "#    #   P#",
      "#         #",
      "#  O      #",
      "###########"
   ],
   "values": {
      "B": 0.1429722971101554,
      "O": 0.6926667670669732,
      "P": 0.02617417075407538,
      "G": 0.13818676506879604
   },
   "optimal_path_length": 5,
   "ma_spawns": [
      [
         3,
         3
      ],
      [
         1,
         4
      ],
      [
         3,
         4
      ],
      [
         1,
         2
      ]
   ]
}