{
   "grid": [
      "###########",
      "#    G   S#",
      "#         #",
      "#         #",
      "#         #",
      "# P       #",
      "# ####   O#",
      "#    B    #",
      "#         #",
      "#         #",
      "###########"
   ],
   "values": {
      "G": 0.08518332970593705,
      "P": 0.024978831053869964,
      "B": 0.16807512422073478,
      "O": 0.7217627150194582
   },
   "optimal_path_length": 5,
   "ma_spawns": [
      [
         6,
         5
      ],
      [
         7,
         9
      ],
      [
         9,
         1
      ],
      [
         7,
         3
      ]
   ]
}