{
   "grid": [
      "###########",
      "#    G    #",
      "#         #",
      "#       O #",
      "#  #      #",
      "# ###     #",
      "#P        #",
      "#         #",
      "#   B   S #",
      "#         #",
      "###########"
   ],
   "values": {
      "B": 0.16511878760827206,
      "P": 0.08820404952771808,
      "G": 0.09163720162753827,
      "O": 0.6550399612364716
   },
   "optimal_path_length": 5,
   "ma_spawns": [
      [
         4,
         4
      ],
      [
         5,
         3
      ],
      [
         5,
         5
      ],
      [
         8,
         9
      ]
   ]
}