{
   "grid": [
      "###########",
      "#         #",
      "#S   P    #",
      "#  #      #",
      "#  #      #",
      "#  #      #",
      "#  #    G #",
      "#O #      #",
      "#         #",
      "#  B      #",
      "###########"
   ],
   "values": {
      "O": 0.5323710626647707,
      "P": 0.11000371489608805,
      "B": 0.21798330275962474,
      "G": 0.1396419196795165
   },
   "optimal_path_length": 5,
   "ma_spawns": [
      [
         2,
         3
      ],
      [
         1,
         2
      ],
      [
         1,
         1
      ]
   ]
}