{
   "grid": [
      "###########",
      "#         #",
      "#   G     #",
      "# #O    B #",
      "# #       #",
      "# #       #",
      "# #       #",
      "# #       #",
      "#  S   P  #",
      "#         #",
      "###########"
   ],
   "values": {
      "P": 0.058057367211269674,
      "B": 0.11462789525813315,
      "O": 0.7373807958219344,
      "G": 0.08993394170866276
   },
   "optimal_path_length": 5,
   "ma_spawns": [
      [
         1,
         7
      ],
      [
         6,
         5
      ],
      [
         4,
         7
      ],
      [
         6,
         3
      ]
   ]
}