{
   "grid": [
      "###########",
      "#         #",
      "# B       #",
      "#      P  #",
      "#         #",
      "#######   #",
      "#         #",
      "# O    S  #",
      "#G##      #",
      "#         #",
      "###########"
   ],
   "values": {
      "P": 0.03875753980441932,
      "B": 0.18751570877062781,
      "O": 0.67944695635482,
      "G": 0.09427979507013301
   },
   "optimal_path_length": 5,
   "ma_spawns": [
      [
         8,
         9
      ],
      [
         8,
         7
      ],
      [
         9,
         7
      ],
      [
         7,
         7
      ]
   ]
}