{
   "grid": [
      "###########",
      "#     O   #",
      "#P #      #",
      "#         #",
      "#       # #",
      "#G        #",
      "# B   S   #",
      "#         #",
      "#         #",
      "#         #",
      "###########"
   ],
   "values": {
      "O": 0.7774687878043057,
      "B": 0.13813812055142097,
      "P": 0.03523002668185023,
      "G": 0.049163064962423064
   },
   "optimal_path_length": 5,
   "ma_spawns": [
      [
         9,
         8
      ],
      [
         7,
         8
      ],
      [
         4,
         4
      ],
      [
         6,
         9
      ]
   ]
}