{
   "grid": [
      "###########",
      "#         #",
      "#         #",
      "# B       #",
      "#G P   S# #",
      "#       # #",
      "#         #",
      "#         #",
      "#         #",
      "#      O  #",
      "###########"
   ],
   "values": {
      "O": 0.7044215783918473,
      "P": 0.08934399250595518,
      "B": 0.1056915818119363,
      "G": 0.10054284729026135
   },
   "optimal_path_length": 5,
   "ma_spawns": [
      [
         7,
         3
      ],
      [
         9,
         2
      ],
      [
         8,
         2
      ],
      [
         9,
         1
      ]
   ]
}