{
   "grid": [
      "###########",
      "#         #",
      "#         #",
      "#        B#",
      "#P      G #",
      "#  #####  #",
      "# ###     #",
      "#         #",
      "#  O    S #",
      "#         #",
      "###########"
   ],
   "values": {
      "G": 0.12360768259208663,
      "B": 0.1877352104215368,
      "O": 0.6213583669152878,
      "P": 0.06729874007108885
   },
   "optimal_path_length": 5,
   "ma_spawns": [
      [
         8,
         8
      ],
      [
         7,
         7
      ],
      [
         8,
         9
      ],
      [
         6,
         6
      ]
   ]
}