{
   "grid": [
      "###########",
      "#         #",
      "#         #",
      "# S    O  #",
      "#      #  #",
      "#      #  #",
      "#         #",
      "# G       #",
      "# P    B  #",
      "#         #",
      "###########"
   ],
   "values": {
      "O": 0.6911409075281999,
      "G": 0.08151596254571916,
      "P": 0.053056937084374714,
      "B": 0.1742861928417061
   },
   "optimal_path_length": 5,
   "ma_spawns": [
      [
         6,
         6
      ],
      [
         3,
         4
      ],
      [
         2,
         1
      ],
      [
         2,
         3
      ]
   ]
}