{
   "grid": [
      "###########",
      "#####     #",
      "#         #",
      "#O     # G#",
      "#      # B#",
      "#      #  #",
      "#         #",
      "#         #",
      "#S   P    #",
      "#         #",
      "###########"
   ],
   "values": {
      "P": 0.02975602108224336,
      "B": 0.34102856658839636,
      "O": 0.578559708522994,
      "G": 0.05065570380636642
   },
   "optimal_path_length": 5,
   "ma_spawns": [
      [
         1,
         9
      ],
      [
         2,
         7
      ],
      [
         5,
         4
      ],
      [
         1,
         8
      ]
   ]
}