{
   "grid": [
      "###########",
      "#         #",
      "#         #",
      "#   P G   #",
      "#      B  #",
      "#         #",
      "#####     #",
      "#         #",
      "# O    S  #",
      "#         #",
      "###########"
   ],
   "values": {
      "B": 0.18626812984231042,
      "O": 0.6126632698678243,
      "P": 0.09789406118536138,
      "G": 0.10317453910450393
   },
   "optimal_path_length": 5,
   "ma_spawns": [
      [
         9,
         9
      ],
      [
         9,
         8
      ],
      [
         6,
         7
      ],
      [
         7,
         9
      ]
   ]
}