{
   "grid": [
      "###########",
      "#         #",
      "#     B   #",
      "#S   G    #",
      "#        P#",
      "#         #",
      "#         #",
      "#    #    #",
      "#O        #",
      "#         #",
      "###########"
   ],
   "values": {
      "G": 0.0355703706879505,
      "O": 0.7637504716207099,
      "B": 0.18035511541602817,
      "P": 0.020324042275311476
   },
   "optimal_path_length": 5,
   "ma_spawns": [
      [
         1,
         2
      ],
      [
         4,
         6
      ],
      [
         1,
         1
      ],
      [
         3,
         5
      ]
   ]
}