{
   "grid": [
      "###########",
      "#O#       #",
      "# #       #",
      "# #     B #",
      "#     #   #",
      "#     #   #",
      "#S   P#   #",
      "#     #   #",
      "#     G   #",
      "#         #",
      "###########"
   ],
   "values": {
      "P": 0.051931830622616186,
      "O": 0.696756896941748,
      "G": 0.11579782472247818,
      "B": 0.13551344771315763
   },
   "optimal_path_length": 5,
   "ma_spawns": [
      [
         1,
         7
      ],
      [
         1,
         6
      ],
      [
         3,
         1
      ],
      [
         3,
         2
      ]
   ]
}