{
   "grid": [
      "###########",
      "#  #      #",
      "#  #      #",
      "#O ####   #",
      "#  #      #",
      "#         #",
      "#         #",
      "#       B #",
      "#S   G    #",
      "#        P#",
      "###########"
   ],
   "values": {
      "O": 0.6371867438152499,
      "G": 0.08862137531049138,
      "P": 0.07090659681954956,
      "B": 0.20328528405470914
   },
   "optimal_path_length": 5,
   "ma_spawns": [
      [
         4,
         5
      ],
      [
         4,
         4
      ],
      [
         2,
         7
      ],
      [
         1,
         9
      ]
   ]
}