{
   "grid": [
      "###########",
      "#   O     #",
      "#        G#",
      "#     #   #",
      "#      #  #",
      "#      #  #",
      "#   S   B #",
      "#        P#",
      "#         #",
      "#         #",
      "###########"
   ],
   "values": {
      "O": 0.7756395344938279,
      "B": 0.12293945573888199,
      "P": 0.027218182329016967,
      "G": 0.07420282743827308
   },
   "optimal_path_length": 5,
   "ma_spawns": [
      [
         1,
         7
      ],
      [
         3,
         7
      ],
      [
         4,
         6
      ],
      [
         2,
         8
      ]
   ]
}