{
   "grid": [
      "###########",
      "#         #",
      "#S   G    #",
      "#         #",
      "#   ###   #",
      "#      P  #",
      "#   ##    #",
      "#O        #",
      "#  B      #",
      "#         #",
      "###########"
   ],
   "values": {
      "G": 0.03753432283137773,
      "B": 0.06699599608023137,
      "O": 0.8664975675868029,
      "P": 0.02897211350158816
   },
   "optimal_path_length": 5,
   "ma_spawns": [
      [
         5,
         7
      ],
      [
         3,
         4
      ],
      [
         4,
         7
      ],
      [
         1,
         2
      ]
   ]
}