{
   "grid": [
      "###########",
      "#G        #",
      "#  #      #",
      "#  #      #",
      "#  #O    S#",
      "#  #      #",
      "#  #      #",
      "#  #      #",
      "# ###### P#",
      "#       B #",
      "###########"
   ],
   "values": {
      "P": 0.02863515443154952,
      "O": 0.766480349087054,
      "B": 0.10384894432158064,
      "G": 0.10103555215981577
   },
   "optimal_path_length": 5,
   "ma_spawns": [
      [
         6,
         7
      ],
      [
         9,
         1
      ],
      [
         9,
         2
      ],
      [
         9,
         4
      ]
   ]
}