{
   "grid": [
      "###########",
      "#         #",
      "# S    O  #",
      "#         #",
      "#      #  #",
      "#      #  #",
      "# P### # B#",
      "#      #  #",
      "#         #",
      "# G       #",
      "###########"
   ],
   "values": {
      "O": 0.5659810820658193,
      "P": 0.02954237043716655,
      "G": 0.03584249968939552,
      "B": 0.36863404780761866
   },
   "optimal_path_length": 5,
   "ma_spawns": [
      [
         2,
         1
      ],
      [
         3,
         3
      ],
      [
         5,
         5
      ],
      [
         1,
         2
      ]
   ]
}