{
   "grid": [
      "###########",
      "#  #      #",
      "#  #   P  #",
      "# O#      #",
      "#  #      #",
      "## #     G#",
      "## #      #",
      "#  #      #",
      "# S   B   #",
      "#         #",
      "###########"
   ],
   "values": {
      "O": 0.5626375434362502,
      "B": 0.18584090822117236,
      "G": 0.16346694621807703,
      "P": 0.08805460212450035
   },
   "optimal_path_length": 5,
   "ma_spawns": [
      [
         2,
         8
      ],
      [
         1,
         9
      ],
      [
         2,
         9
      ],
      [
         1,
         8
      ]
   ]
}