{
   "grid": [
      "###########",
      "#     B   #",
      "#O      # #",
      "#       # #",
      "#       # #",
      "#       # #",
      "#       # #",
      "#S   GP   #",
      "########  #",
      "#         #",
      "###########"
   ],
   "values": {
      "O": 0.7944631747713019,
      "G": 0.08539230693111943,
      "P": 0.011762091826091902,
      "B": 0.10838242647148674
   },
   "optimal_path_length": 5,
   "ma_spawns": [
      [
         4,
         4
      ],
      [
         1,
         7
      ],
      [
         3,
         5
      ],
      [
         2,
         6
      ]
   ]
}