{
   "grid": [
      "###########",
      "#         #",
      "#G        #",
      "# O       #",
      "#  ##     #",
      "#      #  #",
      "#         #",
      "#       P #",
      "# S   B   #",
      "#         #",
      "###########"
   ],
   "values": {
      "O": 0.7594048502498181,
      "B": 0.102493271973974,
      "P": 0.06513213615226487,
      "G": 0.07296974162394305
   },
   "optimal_path_length": 5,
   "ma_spawns": [
      [
         1,
         9
      ],
      [
         2,
         9
      ],
      [
         2,
         8
      ],
      [
         5,
         5
      ]
   ]
}