{
   "grid": [
      "###########",
      "#S   BG   #",
      "#         #",
      "#    #    #",
      "#    #    #",
      "#         #",
      "#O    #   #",
      "#         #",
      "#         #",
      "# P       #",
      "###########"
   ],
   "values": {
      "B": 0.1696731789878563,
      "O": 0.695501794169327,
      "P": 0.024158974336969532,
      "G": 0.11066605250584705
   },
   "optimal_path_length": 5,
   "ma_spawns": [
      [
         4,
         4
      ],
      [
         2,
         2
      ],
      [
         1,
         1
      ],
      [
         3,
         3
      ]
   ]
}