{
   "grid": [
      "###########",
      "#         #",
      "#        P#",
      "#S    O   #",
      "#         #",
      "#     # B #",
      "#     #   #",
      "#G    #   #",
      "#   ###   #",
      "#         #",
      "###########"
   ],
   "values": {
      "G": 0.17944082784967155,
      "B": 0.189342054324312,
      "P": 0.02009332043242348,
      "O": 0.6111237973935929
   },
   "optimal_path_length": 5,
   "ma_spawns": [
      [
         3,
         5
      ],
      [
         1,
         1
      ],
      [
         4,
         6
      ],
      [
         2,
         4
      ]
   ]
}