{
   "grid": [
      "###########",
      "#      O  #",
      "# #####   #",
      "# P #     #",
      "#   #     #",
      "#         #",
      "#  B   S  #",
      "#         #",
      "# G       #",
      "#         #",
      "###########"
   ],
   "values": {
      "B": 0.15944841241003685,
      "P": 0.06308244922844079,
      "O": 0.7104329416817137,
      "G": 0.06703619667980859
   },
   "optimal_path_length": 5,
   "ma_spawns": [
      [
         5,
         4
      ],
      [
         8,
         7
      ],
      [
         7,
         6
      ],
      [
         7,
         7
      ]
   ]
}