{
   "grid": [
      "###########",
      "#  P   S# #",
      "#G      # #",
      "#       # #",
      "#       # #",
      "#       # #",
      "#      O# #",
      "#       # #",
      "#         #",
      "#    B    #",
      "###########"
   ],
   "values": {
      "P": 0.03363673087077051,
      "B": 0.1424873202630056,
      "G": 0.040429628253823714,
      "O": 0.7834463206124002
   },
   "optimal_path_length": 5,
   "ma_spawns": [
      [
         4,
         4
      ],
      [
         4,
         7
      ],
      [
         3,
         5
      ],
      [
         2,
         7
      ]
   ]
}