{
   "grid": [
      "###########",
      "#    B    #",
      "#       P #",
      "#         #",
      "#    O    #",
      "# ##    # #",
      "#       # #",
      "#       # #",
      "#         #",
      "#    S   G#",
      "###########"
   ],
   "values": {
      "G": 0.028122723231308305,
      "O": 0.8020191116401281,
      "P": 0.013504592520454488,
      "B": 0.1563535726081091
   },
   "optimal_path_length": 5,
   "ma_spawns": [
      [
         4,
         9
      ],
      [
         1,
         9
      ],
      [
         7,
         3
      ],
      [
         9,
         5
      ]
   ]
}