{
   "grid": [
      "###########",
      "#       B #",
      "#  ####   #",
      "#         #",
      "# S   P   #",
      "#         #",
      "#  #      #",
      "#       G #",
      "#         #",
      "# O       #",
      "###########"
   ],
   "values": {
      "P": 0.052005214206314036,
      "G": 0.05552019546738507,
      "O": 0.6572625427108535,
      "B": 0.2352120476154475
   },
   "optimal_path_length": 5,
   "ma_spawns": [
      [
         3,
         5
      ],
      [
         1,
         3
      ],
      [
         1,
         2
      ],
      [
         1,
         4
      ]
   ]
}