{
   "grid": [
      "###########",
      "#       P #",
      "#  #      #",
      "#         #",
      "#      O  #",
      "#G        #",
      "#         #",
      "#         #",
      "#         #",
      "#  B   S  #",
      "###########"
   ],
   "values": {
      "O": 0.5526485809914409,
      "B": 0.21179014762743928,
      "G": 0.1692715217950796,
      "P": 0.06628974958604027
   },
   "optimal_path_length": 5,
   "ma_spawns": [
      [
         5,
         7
      ],
      [
         4,
         5
      ],
      [
         3,
         4
      ],
      [
         8,
         9
      ]
   ]
}