{
   "grid": [
      "###########",
      "######    #",
      "#  S   B  #",
      "#         #",
      "#         #",
      "#         #",
      "#    #   P#",
      "#  O      #",
      "#       G #",
      "#         #",
      "###########"
   ],
   "values": {
      "B": 0.20453431643145653,
      "P": 0.03789191877164586,
      "O": 0.7098016365369695,
      "G": 0.04777212825992817
   },
   "optimal_path_length": 5,
   "ma_spawns": [
      [
         6,
         5
      ],
      [
         4,
         3
      ],
      [
         5,
         4
      ],
      [
         3,
         2
      ]
   ]
}