{
   "grid": [
      "###########",
      "#         #",
      "#   ####  #",
      "# G     BP#",
      "#         #",
      "#         #",
      "#         #",
      "# S    O  #",
      "#         #",
      "#         #",
      "###########"
   ],
   "values": {
      "G": 0.11842348670386052,
      "P": 0.040120226527608695,
      "O": 0.6103318978045449,
      "B": 0.23112438896398582
   },
   "optimal_path_length": 5,
   "ma_spawns": [
      [
         2,
         9
      ],
      [
         8,
         5
      ],
      [
         1,
         8
      ],
      [
         7,
         4
      ]
   ]
}