{
   "grid": [
      "###########",
      "#      #  #",
      "#B#    #  #",
      "#O#    #  #",
      "# #    #  #",
      "#      # G#",
      "#      #  #",
      "#         #",
      "#S   P    #",
      "#         #",
      "###########"
   ],
   "values": {
      "P": 0.028547593407157495,
      "B": 0.21143386185765292,
      "O": 0.6599713931523196,
      "G": 0.10004715158287013
   },
   "optimal_path_length": 5,
   "ma_spawns": [
      [
         2,
         7
      ],
      [
         3,
         6
      ],
      [
         4,
         5
      ],
      [
         4,
         3
      ]
   ]
}