{
   "grid": [
      "###########",
      "# P       #",
      "#  G   S  #",
      "#         #",
      "#         #",
      "#         #",
      "#  ##     #",
      "#   ## O  #",
      "#   B     #",
      "#         #",
      "###########"
   ],
   "values": {
      "G": 0.10368038947955768,
      "P": 0.0992046194943801,
      "B": 0.21809995983611583,
      "O": 0.5790150311899465
   },
   "optimal_path_length": 5,
   "ma_spawns": [
      [
         8,
         2
      ],
      [
         8,
         1
      ],
      [
         6,
         3
      ],
      [
         9,
         2
      ]
   ]
}