{
   "grid": [
      "###########",
      "#         #",
      "#         #",
      "# ##      #",
      "# ##      #",
      "# #S    O #",
      "#        G#",
      "#        P#",
      "#         #",
      "#  B      #",
      "###########"
   ],
   "values": {
      "O": 0.7036531594737491,
      "B": 0.15555447233320946,
      "P": 0.028541476646185792,
      "G": 0.11225089154685558
   },
   "optimal_path_length": 5,
   "ma_spawns": [
      [
         7,
         8
      ],
      [
         6,
         8
      ],
      [
         3,
         5
      ],
      [
         4,
         6
      ]
   ]
}