{
   "grid": [
      "###########",
      "# G       #",
      "#         #",
      "#    B   S#",
      "#         #",
      "#         #",
      "# P     # #",
      "#         #",
      "######   O#",
      "#         #",
      "###########"
   ],
   "values": {
      "O": 0.6329870643793263,
      "B": 0.1259475612121681,
      "G": 0.12580530472850587,
      "P": 0.11526006967999973
   },
   "optimal_path_length": 5,
   "ma_spawns": [
      [
         9,
         3
      ],
      [
         9,
         2
      ],
      [
         5,
         7
      ],
      [
         7,
         5
      ]
   ]
}