{
   "grid": [
      "###########",
      "#         #",
      "#    B   S#",
      "#   P     #",
      "#   ####  #",
      "#   #     #",
      "#         #",
      "#        O#",
      "#       G #",
      "#         #",
      "###########"
   ],
   "values": {
      "B": 0.12809230202779817,
      "O": 0.7418483195435004,
      "P": 0.034326296997131536,
      "G": 0.09573308143156971
   },
   "optimal_path_length": 5,
   "ma_spawns": [
      [
         9,
         2
      ],
      [
         1,
         7
      ],
      [
         4,
         6
      ],
      [
         8,
         3
      ]
   ]
}