{
   "grid": [
      "###########",
      "#  B      #",
      "#       G #",
      "#  ###    #",
      "#         #",
      "#         #",
      "#  O    S #",
      "#         #",
      "#      #  #",
      "# P       #",
      "###########"
   ],
   "values": {
      "G": 0.14362169434285474,
      "B": 0.16709098441031714,
      "P": 0.060325285528518506,
      "O": 0.6289620357183096
   },
   "optimal_path_length": 5,
   "ma_spawns": [
      [
         1,
         3
      ],
      [
         9,
         6
      ],
      [
         7,
         5
      ],
      [
         9,
         7
      ]
   ]
}