{
   "grid": [
      "###########",
      "#  P B    #",
      "#         #",
      "#         #",
      "#   O     #",
      "#         #",
      "#         #",
      "#       # #",
      "#         #",
      "#   S   G #",
      "###########"
   ],
   "values": {
      "G": 0.04799982305771334,
      "B": 0.16262906387136541,
      "O": 0.7574493029678518,
      "P": 0.03192181010306953
   },
   "optimal_path_length": 5,
   "ma_spawns": [
      [
         4,
         9
      ],
      [
         7,
         6
      ],
      [
         8,
         6
      ],
      [
         3,
         9
      ]
   ]
}